"imageCounter","currentTime","meanNetworkDelay","meanResponseTime","classificationTime","Tempo","Performance","Platform","Algorithm","Size","Workload"
1,"2021-08-23 17:59:42.668933",0.424665451049805,0.654623031616211,0.654623031616211,0,"times//performance","CLOUD","CNN","32",0.5
2,"2021-08-23 17:59:43.190026",0.383790731430054,0.518338084220886,0.382053136825562,0.00868488550186157,"times//performance","CLOUD","CNN","32",0.5
3,"2021-08-23 17:59:43.999867",0.395214875539144,0.497931718826294,0.457118988037109,0.0221822341283162,"times//performance","CLOUD","CNN","32",0.5
4,"2021-08-23 17:59:44.793233",0.396665692329407,0.483000934123993,0.43820858001709,0.0354050000508626,"times//performance","CLOUD","CNN","32",0.5
5,"2021-08-23 17:59:45.529514",0.384609794616699,0.461896181106567,0.377477169036865,0.0476763526598612,"times//performance","CLOUD","CNN","32",0.5
6,"2021-08-23 17:59:46.254890",0.375873804092407,0.446823040644328,0.37145733833313,0.0597659508387248,"times//performance","CLOUD","CNN","32",0.5
7,"2021-08-23 17:59:46.975353",0.369749477931431,0.436190673283168,0.372396469116211,0.0717736681302388,"times//performance","CLOUD","CNN","32",0.5
8,"2021-08-23 17:59:47.731095",0.369599461555481,0.432476967573166,0.406481027603149,0.0843693693478902,"times//performance","CLOUD","CNN","32",0.5
9,"2021-08-23 17:59:48.502002",0.370631721284654,0.430770582622952,0.41711950302124,0.0972178181012471,"times//performance","CLOUD","CNN","32",0.5
10,"2021-08-23 17:59:49.232764",0.36714391708374,0.425047826766968,0.37354302406311,0.109397184848785,"times//performance","CLOUD","CNN","32",0.5
11,"2021-08-23 17:59:50.039369",0.371810067783703,0.428014841946689,0.457684993743896,0.122840603192647,"times//performance","CLOUD","CNN","32",0.5
12,"2021-08-23 17:59:50.857200",0.376021345456441,0.430660227934519,0.459759473800659,0.136471116542816,"times//performance","CLOUD","CNN","32",0.5
13,"2021-08-23 17:59:51.590980",0.373716739507822,0.427153238883385,0.385069370269775,0.148700785636902,"times//performance","CLOUD","CNN","32",0.5
14,"2021-08-23 17:59:52.400198",0.377247316496713,0.430064082145691,0.467905044555664,0.162187751134237,"times//performance","CLOUD","CNN","32",0.5
15,"2021-08-23 17:59:53.120900",0.374199104309082,0.426020590464274,0.369411706924438,0.174199450016022,"times//performance","CLOUD","CNN","32",0.5
16,"2021-08-23 17:59:53.931067",0.376595541834831,0.427611649036407,0.451477527618408,0.18770223458608,"times//performance","CLOUD","CNN","32",0.5
17,"2021-08-23 17:59:54.749905",0.379359904457541,0.429682549308328,0.462816953659058,0.201349536577861,"times//performance","CLOUD","CNN","32",0.5
18,"2021-08-23 17:59:55.470999",0.376576741536458,0.42621390024821,0.367246866226196,0.213367768128713,"times//performance","CLOUD","CNN","32",0.5
19,"2021-08-23 17:59:56.287529",0.379436919563695,0.428474012174104,0.46915602684021,0.226976601282756,"times//performance","CLOUD","CNN","32",0.5
20,"2021-08-23 17:59:57.015986",0.377279627323151,0.425689518451691,0.37278413772583,0.239117550849915,"times//performance","CLOUD","CNN","32",0.5
21,"2021-08-23 17:59:57.819618",0.379141921088809,0.427057118642898,0.454409122467041,0.252511417865753,"times//performance","CLOUD","CNN","32",0.5
22,"2021-08-23 17:59:58.644599",0.38134165243669,0.428836985067888,0.466214179992676,0.266261100769043,"times//performance","CLOUD","CNN","32",0.5
23,"2021-08-23 17:59:59.365713",0.379679410353951,0.426800520523735,0.381998300552368,0.278279666105906,"times//performance","CLOUD","CNN","32",0.5
24,"2021-08-23 18:00:00.184566",0.382043470939,0.429142634073893,0.483011245727539,0.291927218437195,"times//performance","CLOUD","CNN","32",0.5
25,"2021-08-23 18:00:00.901972",0.380322113037109,0.427137365341187,0.379010915756226,0.303883985678355,"times//performance","CLOUD","CNN","32",0.5
26,"2021-08-23 18:00:01.710473",0.381747594246498,0.428247644351079,0.456004619598389,0.317359002431234,"times//performance","CLOUD","CNN","32",0.5
27,"2021-08-23 18:00:02.438057",0.380133478729813,0.426375671669289,0.377704381942749,0.329485400517782,"times//performance","CLOUD","CNN","32",0.5
28,"2021-08-23 18:00:03.160819",0.378515439374106,0.424500005585807,0.373857021331787,0.3415314356486,"times//performance","CLOUD","CNN","32",0.5
29,"2021-08-23 18:00:03.964700",0.379701186870706,0.425462821434284,0.45242166519165,0.354929451147715,"times//performance","CLOUD","CNN","32",0.5
30,"2021-08-23 18:00:04.682610",0.378049476941427,0.423604067166646,0.369700193405151,0.366894618670146,"times//performance","CLOUD","CNN","32",0.5
31,"2021-08-23 18:00:05.501831",0.379565446607528,0.424907707398938,0.464016914367676,0.38054830233256,"times//performance","CLOUD","CNN","32",0.5
32,"2021-08-23 18:00:06.261017",0.37908560782671,0.424239777028561,0.403533935546875,0.39320140282313,"times//performance","CLOUD","CNN","32",0.5
33,"2021-08-23 18:00:06.950539",0.37771920001868,0.422677473588423,0.372683763504028,0.40469343662262,"times//performance","CLOUD","CNN","32",0.5
34,"2021-08-23 18:00:07.677792",0.376530717400944,0.421420279671164,0.379932880401611,0.416814319292704,"times//performance","CLOUD","CNN","32",0.5
35,"2021-08-23 18:00:08.467988",0.377283218928746,0.42196603502546,0.440521717071533,0.429984251658122,"times//performance","CLOUD","CNN","32",0.5
36,"2021-08-23 18:00:09.286297",0.378499666849772,0.422971222135756,0.458152770996094,0.443622736136119,"times//performance","CLOUD","CNN","32",0.5
37,"2021-08-23 18:00:10.021564",0.377330032554833,0.421642754528974,0.373817920684814,0.455877184867859,"times//performance","CLOUD","CNN","32",0.5
38,"2021-08-23 18:00:10.823916",0.378140004057633,0.422259462507148,0.445077657699585,0.469249717394511,"times//performance","CLOUD","CNN","32",0.5
39,"2021-08-23 18:00:11.646143",0.379777119709895,0.423721802540314,0.479290723800659,0.482953500747681,"times//performance","CLOUD","CNN","32",0.5
40,"2021-08-23 18:00:12.361917",0.378618538379669,0.422391873598099,0.370524644851685,0.494883068402608,"times//performance","CLOUD","CNN","32",0.5
41,"2021-08-23 18:00:13.094348",0.377580962529997,0.421203752843345,0.373678922653198,0.507090250651042,"times//performance","CLOUD","CNN","32",0.5
42,"2021-08-23 18:00:13.897447",0.378467230569749,0.422003121603103,0.454777240753174,0.520475236574809,"times//performance","CLOUD","CNN","32",0.5
43,"2021-08-23 18:00:14.627604",0.377528212791265,0.421075870824415,0.382131338119507,0.532644518216451,"times//performance","CLOUD","CNN","32",0.5
44,"2021-08-23 18:00:15.517427",0.3784388683059,0.423748742450367,0.538682222366333,0.547474900881449,"times//performance","CLOUD","CNN","32",0.5
45,"2021-08-23 18:00:16.165279",0.3775275071462,0.422704442342122,0.376755237579346,0.558272433280945,"times//performance","CLOUD","CNN","32",0.5
46,"2021-08-23 18:00:16.886362",0.376462387002033,0.421491441519364,0.366906404495239,0.570290486017863,"times//performance","CLOUD","CNN","32",0.5
47,"2021-08-23 18:00:17.614232",0.375689511603497,0.420560796210106,0.377751111984253,0.582421652475993,"times//performance","CLOUD","CNN","32",0.5
48,"2021-08-23 18:00:18.404589",0.376136352618535,0.420857494076093,0.434802293777466,0.595594267050425,"times//performance","CLOUD","CNN","32",0.5
49,"2021-08-23 18:00:19.243101",0.377597098447839,0.422173140000324,0.485324144363403,0.609569466114044,"times//performance","CLOUD","CNN","32",0.5
50,"2021-08-23 18:00:19.956463",0.376831231117249,0.421294136047363,0.378222942352295,0.621458836396535,"times//performance","CLOUD","CNN","32",0.5
51,"2021-08-23 18:00:20.674143",0.375963874891693,0.420332674886666,0.372259616851807,0.633420169353485,"times//performance","CLOUD","CNN","32",0.5
52,"2021-08-23 18:00:21.389615",0.375211734038133,0.419476953836588,0.375835180282593,0.645344702402751,"times//performance","CLOUD","CNN","32",0.5
53,"2021-08-23 18:00:22.201247",0.376016670802854,0.42030009683573,0.463103532791138,0.658871901035309,"times//performance","CLOUD","CNN","32",0.5
54,"2021-08-23 18:00:22.914535",0.375356179696542,0.41952093883797,0.378225564956665,0.670760035514832,"times//performance","CLOUD","CNN","32",0.5
55,"2021-08-23 18:00:23.638588",0.374659291180697,0.418736050345681,0.376352071762085,0.682827583948771,"times//performance","CLOUD","CNN","32",0.5
56,"2021-08-23 18:00:24.447959",0.375443607568741,0.419416444642203,0.456838130950928,0.696317100524902,"times//performance","CLOUD","CNN","32",0.5
57,"2021-08-23 18:00:25.184847",0.374894372203894,0.418791875504611,0.383816003799438,0.708598570028941,"times//performance","CLOUD","CNN","32",0.5
58,"2021-08-23 18:00:25.901747",0.374269382707004,0.418051695001536,0.375861406326294,0.720546901226044,"times//performance","CLOUD","CNN","32",0.5
59,"2021-08-23 18:00:26.695800",0.374877889277571,0.418546668553756,0.44725513458252,0.733781119187673,"times//performance","CLOUD","CNN","32",0.5
60,"2021-08-23 18:00:27.520271",0.375931517283122,0.419498300552368,0.475644588470459,0.747522302468618,"times//performance","CLOUD","CNN","32",0.5
61,"2021-08-23 18:00:28.253253",0.375376576282939,0.418848655262931,0.379869937896729,0.75973866780599,"times//performance","CLOUD","CNN","32",0.5
62,"2021-08-23 18:00:28.979590",0.374746345704602,0.418115250525936,0.373377561569214,0.771844283739726,"times//performance","CLOUD","CNN","32",0.5
63,"2021-08-23 18:00:29.716784",0.374121382122948,0.417519940270318,0.380610704421997,0.784130851427714,"times//performance","CLOUD","CNN","32",0.5
64,"2021-08-23 18:00:30.749505",0.378597568720579,0.421925313770771,0.699463844299316,0.801342868804932,"times//performance","CLOUD","CNN","32",0.5
65,"2021-08-23 18:00:31.799871",0.383098356540386,0.426383656721849,0.71171760559082,0.818848967552185,"times//performance","CLOUD","CNN","32",0.5
66,"2021-08-23 18:00:32.647212",0.384391611272638,0.427588654286934,0.505913496017456,0.832971318562825,"times//performance","CLOUD","CNN","32",0.5
67,"2021-08-23 18:00:33.601211",0.387263988381002,0.430379853319766,0.614598989486694,0.848871302604675,"times//performance","CLOUD","CNN","32",0.5
68,"2021-08-23 18:00:34.397193",0.387609082109788,0.430667067275328,0.449910402297974,0.862137667338053,"times//performance","CLOUD","CNN","32",0.5
69,"2021-08-23 18:00:35.189485",0.387948443924171,0.430932877720266,0.449007987976074,0.875342535972595,"times//performance","CLOUD","CNN","32",0.5
70,"2021-08-23 18:00:35.971448",0.38802581855229,0.430958771705627,0.432745456695557,0.888375250498454,"times//performance","CLOUD","CNN","32",0.5
71,"2021-08-23 18:00:36.750793",0.388206918474654,0.43106919611004,0.438798904418945,0.901364334424337,"times//performance","CLOUD","CNN","32",0.5
72,"2021-08-23 18:00:37.542388",0.388461401065191,0.431275082959069,0.445893049240112,0.91455758412679,"times//performance","CLOUD","CNN","32",0.5
73,"2021-08-23 18:00:38.351266",0.389014619670502,0.431837607736457,0.472339391708374,0.928038883209229,"times//performance","CLOUD","CNN","32",0.5
74,"2021-08-23 18:00:39.139524",0.389264090641125,0.432096410442043,0.450989007949829,0.941176517804464,"times//performance","CLOUD","CNN","32",0.5
75,"2021-08-23 18:00:39.948672",0.389845762252808,0.432611427307129,0.470722675323486,0.954662319024404,"times//performance","CLOUD","CNN","32",0.5
76,"2021-08-23 18:00:40.662730",0.389274841860721,0.431967189437465,0.383649349212646,0.966563284397125,"times//performance","CLOUD","CNN","32",0.5
77,"2021-08-23 18:00:41.380105",0.388575631302673,0.431219407490322,0.374387979507446,0.978519535064697,"times//performance","CLOUD","CNN","32",0.5
78,"2021-08-23 18:00:42.222758",0.389561671477098,0.432131067300454,0.502328872680664,0.992563752333323,"times//performance","CLOUD","CNN","32",0.5
79,"2021-08-23 18:00:43.073115",0.390620660178269,0.433137347426596,0.511627197265625,1.00673636992772,"times//performance","CLOUD","CNN","32",0.5
80,"2021-08-23 18:00:43.914925",0.391502538323402,0.433960798382759,0.499013423919678,1.02076653639476,"times//performance","CLOUD","CNN","32",0.5
81,"2021-08-23 18:00:44.687655",0.39152424129439,0.433922543937777,0.430862188339233,1.03364536762238,"times//performance","CLOUD","CNN","32",0.5
82,"2021-08-23 18:00:45.469958",0.391550107700069,0.433948810507612,0.436076402664185,1.04668375253677,"times//performance","CLOUD","CNN","32",0.5
83,"2021-08-23 18:00:46.246175",0.391670324716223,0.434012522180396,0.439236879348755,1.05962070226669,"times//performance","CLOUD","CNN","32",0.5
84,"2021-08-23 18:00:47.052564",0.392019033432007,0.434329208873567,0.460614204406738,1.07306051651637,"times//performance","CLOUD","CNN","32",0.5
85,"2021-08-23 18:00:47.775672",0.391425446903004,0.433684514550602,0.379530191421509,1.08511231740316,"times//performance","CLOUD","CNN","32",0.5
86,"2021-08-23 18:00:48.505245",0.390883007714915,0.433093617128771,0.382867336273193,1.09727186759313,"times//performance","CLOUD","CNN","32",0.5
87,"2021-08-23 18:00:49.239789",0.39044512277362,0.432604071737706,0.390503168106079,1.10951426823934,"times//performance","CLOUD","CNN","32",0.5
88,"2021-08-23 18:00:50.148776",0.39195500720631,0.434072378006848,0.561815023422241,1.12466405232747,"times//performance","CLOUD","CNN","32",0.5
89,"2021-08-23 18:00:50.918528",0.391850988516647,0.433925218796462,0.420975208282471,1.13749325275421,"times//performance","CLOUD","CNN","32",0.5
90,"2021-08-23 18:00:51.796552",0.392931705050998,0.434970201386346,0.527973651885986,1.15212698380152,"times//performance","CLOUD","CNN","32",0.5
91,"2021-08-23 18:00:52.516884",0.392280908731314,0.434291674540593,0.373224258422852,1.16413251956304,"times//performance","CLOUD","CNN","32",0.5
92,"2021-08-23 18:00:53.638407",0.396081343941067,0.438108602295751,0.785449028015137,1.18282456795375,"times//performance","CLOUD","CNN","32",0.5
93,"2021-08-23 18:00:54.429048",0.396365557947466,0.438359475904895,0.461439847946167,1.19600191911062,"times//performance","CLOUD","CNN","32",0.5
94,"2021-08-23 18:00:55.137992",0.395713187278585,0.4376510508517,0.371767520904541,1.20781764984131,"times//performance","CLOUD","CNN","32",0.5
95,"2021-08-23 18:00:55.882507",0.395328110142758,0.437220867056596,0.396783590316772,1.22022623618444,"times//performance","CLOUD","CNN","32",0.5
96,"2021-08-23 18:00:56.703733",0.39568500717481,0.43754900743564,0.468722343444824,1.23391333421071,"times//performance","CLOUD","CNN","32",0.5
97,"2021-08-23 18:00:57.423247",0.395079541452152,0.436907293870277,0.375302791595459,1.24590523640315,"times//performance","CLOUD","CNN","32",0.5
98,"2021-08-23 18:00:58.261844",0.39555827452212,0.437360598116505,0.48133111000061,1.25988185008367,"times//performance","CLOUD","CNN","32",0.5
99,"2021-08-23 18:00:58.952240",0.394898754177672,0.436673648429639,0.369352579116821,1.27138845125834,"times//performance","CLOUD","CNN","32",0.5
100,"2021-08-23 18:01:14.040288",0.537951867580414,0.579714820384979,14.7407908439636,1.52285591761271,"times//performance","CLOUD","CNN","32",0.5
101,"2021-08-23 18:01:14.082215",0.67046327402096,0.712221766462421,13.9629163742065,1.52355470259984,"times//performance","CLOUD","CNN","32",0.5
102,"2021-08-23 18:01:14.128682",0.793760224884632,0.835554099550434,13.2921197414398,1.52432914972305,"times//performance","CLOUD","CNN","32",0.5
103,"2021-08-23 18:01:14.168329",0.907849980789481,0.949617404382206,12.5840744972229,1.52498993476232,"times//performance","CLOUD","CNN","32",0.5
104,"2021-08-23 18:01:14.207031",1.01255481518232,1.05428760785323,11.8353185653687,1.52563496828079,"times//performance","CLOUD","CNN","32",0.5
105,"2021-08-23 18:01:14.245044",1.10864790507725,1.15034037090483,11.1398277282715,1.52626851797104,"times//performance","CLOUD","CNN","32",0.5
106,"2021-08-23 18:01:14.282589",1.19569670929099,1.23734500947988,10.3728320598602,1.52689426740011,"times//performance","CLOUD","CNN","32",0.5
107,"2021-08-23 18:01:14.320103",1.27465132686579,1.31625594602567,9.68081521987915,1.52751950025558,"times//performance","CLOUD","CNN","32",0.5
108,"2021-08-23 18:01:14.357126",1.34509536734334,1.38665248729565,8.91908240318298,1.52813655138016,"times//performance","CLOUD","CNN","32",0.5
109,"2021-08-23 18:01:14.394584",1.40792369623797,1.44943824383097,8.230299949646,1.52876085042953,"times//performance","CLOUD","CNN","32",0.5
110,"2021-08-23 18:01:14.433363",1.46244608922438,1.50393080061132,7.4436194896698,1.52940716743469,"times//performance","CLOUD","CNN","32",0.5
111,"2021-08-23 18:01:14.471950",1.50968701989801,1.55114073151941,6.74423313140869,1.53005028565725,"times//performance","CLOUD","CNN","32",0.5
112,"2021-08-23 18:01:14.516421",1.54939323237964,1.59086883280958,6.00068807601929,1.53079146941503,"times//performance","CLOUD","CNN","32",0.5
113,"2021-08-23 18:01:14.554641",1.58145510411895,1.62289697723051,5.21004915237427,1.53142846822739,"times//performance","CLOUD","CNN","32",0.5
114,"2021-08-23 18:01:14.593521",1.60697061137149,1.64838504163842,4.52853631973267,1.53207647005717,"times//performance","CLOUD","CNN","32",0.5
115,"2021-08-23 18:01:14.633207",1.62601705426755,1.66741161139115,3.8364405632019,1.53273790280024,"times//performance","CLOUD","CNN","32",0.5
116,"2021-08-23 18:01:14.671647",1.63824078543433,1.67960508321894,3.08185434341431,1.53337856928507,"times//performance","CLOUD","CNN","32",0.5
117,"2021-08-23 18:01:14.710902",1.64352455913511,1.68486589040512,2.29511952400208,1.53403281768163,"times//performance","CLOUD","CNN","32",0.5
118,"2021-08-23 18:01:14.750175",1.6428740368051,1.68418931152861,1.60502958297729,1.53468736807505,"times//performance","CLOUD","CNN","32",0.5
119,"2021-08-23 18:01:15.115073",1.63915168938517,1.68044278000583,1.23835206031799,1.54076900084813,"times//performance","CLOUD","CNN","32",0.5
120,"2021-08-23 18:01:15.151994",1.62985485593478,1.67110507488251,0.559918165206909,1.54138435125351,"times//performance","CLOUD","CNN","32",0.5
121,"2021-08-23 18:01:21.588716",1.66793857724213,1.70918633327011,6.27893733978271,1.64866305192312,"times//performance","CLOUD","CNN","32",0.5
122,"2021-08-23 18:01:21.633962",1.6997641403167,1.74103988975775,5.59532022476196,1.6494171500206,"times//performance","CLOUD","CNN","32",0.5
123,"2021-08-23 18:01:21.673842",1.72561067875808,1.76687010516965,4.91815638542175,1.65008181730906,"times//performance","CLOUD","CNN","32",0.5
124,"2021-08-23 18:01:21.713677",1.7452290250409,1.7864677694536,4.19698047637939,1.650745733579,"times//performance","CLOUD","CNN","32",0.5
125,"2021-08-23 18:01:22.287512",1.76245872116089,1.80367035102844,3.93679046630859,1.66030965248744,"times//performance","CLOUD","CNN","32",0.5
126,"2021-08-23 18:01:22.325739",1.77399026212238,1.81517357485635,3.25307655334473,1.66094676653544,"times//performance","CLOUD","CNN","32",0.5
127,"2021-08-23 18:01:22.364498",1.77988946156239,1.82104865021593,2.56130814552307,1.66159274975459,"times//performance","CLOUD","CNN","32",0.5
128,"2021-08-23 18:01:22.402781",1.78026196733117,1.82139070704579,1.86483192443848,1.66223080158234,"times//performance","CLOUD","CNN","32",0.5
129,"2021-08-23 18:01:22.440258",1.77483125065648,1.81592745928801,1.11663174629211,1.66285541852315,"times//performance","CLOUD","CNN","32",0.5
130,"2021-08-23 18:01:22.504829",1.76376548363612,1.80484716708844,0.375489473342896,1.66393160025279,"times//performance","CLOUD","CNN","32",0.5
131,"2021-08-23 18:01:23.329040",1.75360259936966,1.79468364751976,0.473426103591919,1.67766845226288,"times//performance","CLOUD","CNN","32",0.5
132,"2021-08-23 18:01:24.059209",1.74292186715386,1.78402872157819,0.388233423233032,1.68983793656031,"times//performance","CLOUD","CNN","32",0.5
133,"2021-08-23 18:01:24.866578",1.73303494955364,1.7741368067892,0.468404054641724,1.7032940864563,"times//performance","CLOUD","CNN","32",0.5
134,"2021-08-23 18:01:25.586435",1.72263225690642,1.76371342388552,0.377403497695923,1.71529170274734,"times//performance","CLOUD","CNN","32",0.5
135,"2021-08-23 18:01:26.330153",1.71247201672307,1.75352820467066,0.388708829879761,1.72768700122833,"times//performance","CLOUD","CNN","32",0.5
136,"2021-08-23 18:01:27.116568",1.70276301222689,1.74380239143091,0.430817604064941,1.74079391956329,"times//performance","CLOUD","CNN","32",0.5
137,"2021-08-23 18:01:27.861072",1.69291767064672,1.73394133922827,0.3928382396698,1.7532023191452,"times//performance","CLOUD","CNN","32",0.5
138,"2021-08-23 18:01:28.582303",1.68309964304385,1.72410271478736,0.376211166381836,1.76522283554077,"times//performance","CLOUD","CNN","32",0.5
139,"2021-08-23 18:01:29.305135",1.67342581680353,1.71440423135277,0.376013517379761,1.77727003494898,"times//performance","CLOUD","CNN","32",0.5
140,"2021-08-23 18:01:30.101060",1.66436093705041,1.70531573636191,0.442014932632446,1.79053544998169,"times//performance","CLOUD","CNN","32",0.5
141,"2021-08-23 18:01:30.912565",1.65560780856626,1.6965770214162,0.473156929016113,1.80406053463618,"times//performance","CLOUD","CNN","32",0.5
142,"2021-08-23 18:01:31.629663",1.64630761616667,1.68730001718226,0.379242420196533,1.8160121679306,"times//performance","CLOUD","CNN","32",0.5
143,"2021-08-23 18:01:32.361934",1.63720506387991,1.67819298564137,0.384994506835938,1.82821668386459,"times//performance","CLOUD","CNN","32",0.5
144,"2021-08-23 18:01:33.157473",1.6286743150817,1.66963757740127,0.446214199066162,1.84147566954295,"times//performance","CLOUD","CNN","32",0.5
145,"2021-08-23 18:01:33.890854",1.61977836839084,1.66073613002382,0.378927707672119,1.85369868278503,"times//performance","CLOUD","CNN","32",0.5
146,"2021-08-23 18:01:34.633543",1.61114287703005,1.65208436201697,0.397578001022339,1.86607683499654,"times//performance","CLOUD","CNN","32",0.5
147,"2021-08-23 18:01:35.409742",1.60292056466446,1.64385517113874,0.44239330291748,1.87901348670324,"times//performance","CLOUD","CNN","32",0.5
148,"2021-08-23 18:01:36.135557",1.59437191325265,1.63531048555632,0.379241704940796,1.89111040035884,"times//performance","CLOUD","CNN","32",0.5
149,"2021-08-23 18:01:36.852061",1.58592391814161,1.62684488616534,0.373936176300049,1.90305213530858,"times//performance","CLOUD","CNN","32",0.5
150,"2021-08-23 18:01:37.599291",1.57778022607168,1.61868461449941,0.402804136276245,1.91550596952438,"times//performance","CLOUD","CNN","32",0.5
151,"2021-08-23 18:01:38.304338",1.56961045202041,1.61049922886274,0.382691383361816,1.92725675106049,"times//performance","CLOUD","CNN","32",0.5
152,"2021-08-23 18:01:39.041782",1.56152455430282,1.60243261801569,0.384374380111694,1.93954748312632,"times//performance","CLOUD","CNN","32",0.5
153,"2021-08-23 18:01:39.751178",1.55350422547534,1.59438953524322,0.371840953826904,1.95137075185776,"times//performance","CLOUD","CNN","32",0.5
154,"2021-08-23 18:01:40.485846",1.54561727232747,1.5864943885184,0.378536939620972,1.96361521879832,"times//performance","CLOUD","CNN","32",0.5
155,"2021-08-23 18:01:41.245689",1.53801560863372,1.57888546451446,0.407111167907715,1.97627926667531,"times//performance","CLOUD","CNN","32",0.5
156,"2021-08-23 18:01:42.066821",1.5309229921072,1.57179568058405,0.47287917137146,1.9899648030599,"times//performance","CLOUD","CNN","32",0.5
157,"2021-08-23 18:01:42.850224",1.52368987138104,1.56456578916805,0.436702728271484,2.00302151838938,"times//performance","CLOUD","CNN","32",0.5
158,"2021-08-23 18:01:43.581052",1.5166132087949,1.55747354030609,0.443990468978882,2.01520198583603,"times//performance","CLOUD","CNN","32",0.5
159,"2021-08-23 18:01:44.410517",1.50981330271787,1.55065959204668,0.474055767059326,2.02902640104294,"times//performance","CLOUD","CNN","32",0.5
160,"2021-08-23 18:01:45.141188",1.50254716575146,1.54338371902704,0.386519908905029,2.04120424985886,"times//performance","CLOUD","CNN","32",0.5
161,"2021-08-23 18:01:45.870561",1.49534518230035,1.53617571155477,0.382894515991211,2.05336046616236,"times//performance","CLOUD","CNN","32",0.5
162,"2021-08-23 18:01:46.665935",1.48862235045727,1.52948584085629,0.452416658401489,2.06661670207977,"times//performance","CLOUD","CNN","32",0.5
163,"2021-08-23 18:01:47.496615",1.48228260051985,1.52313868984854,0.494900226593018,2.08046136697133,"times//performance","CLOUD","CNN","32",0.5
164,"2021-08-23 18:01:48.211575",1.47533036877469,1.51617782435766,0.381556749343872,2.09237736860911,"times//performance","CLOUD","CNN","32",0.5
165,"2021-08-23 18:01:49.028131",1.46903714700179,1.50987296971408,0.475876808166504,2.10598663489024,"times//performance","CLOUD","CNN","32",0.5
166,"2021-08-23 18:01:49.756200",1.46225986710514,1.503081751157,0.382530689239502,2.11812111934026,"times//performance","CLOUD","CNN","32",0.5
167,"2021-08-23 18:01:50.563788",1.45603557832227,1.49684084675269,0.460850715637207,2.13158091704051,"times//performance","CLOUD","CNN","32",0.5
168,"2021-08-23 18:01:51.297371",1.44939391385941,1.49018544952075,0.378734111785889,2.14380729993184,"times//performance","CLOUD","CNN","32",0.5
169,"2021-08-23 18:01:52.116064",1.44334172497134,1.48411716653045,0.464645624160767,2.15745218594869,"times//performance","CLOUD","CNN","32",0.5
170,"2021-08-23 18:01:52.919466",1.43734871639925,1.47811204124899,0.463245868682861,2.17084221839905,"times//performance","CLOUD","CNN","32",0.5
171,"2021-08-23 18:01:53.653760",1.43092664919401,1.47168227106507,0.378621339797974,2.18308045069377,"times//performance","CLOUD","CNN","32",0.5
172,"2021-08-23 18:01:54.464338",1.42502657895864,1.46579903364182,0.459765434265137,2.19659008582433,"times//performance","CLOUD","CNN","32",0.5
173,"2021-08-23 18:01:55.182494",1.41876709530119,1.45952049569587,0.379611968994141,2.20855935017268,"times//performance","CLOUD","CNN","32",0.5
174,"2021-08-23 18:01:55.998338",1.41309400262504,1.45384140261288,0.471358299255371,2.22215675115585,"times//performance","CLOUD","CNN","32",0.5
175,"2021-08-23 18:01:56.719553",1.40692867551531,1.44766735213143,0.373382568359375,2.23417700131734,"times//performance","CLOUD","CNN","32",0.5
176,"2021-08-23 18:01:57.441852",1.40084156394005,1.44156500155276,0.373653650283813,2.24621531963348,"times//performance","CLOUD","CNN","32",0.5
177,"2021-08-23 18:01:58.271151",1.39541558896081,1.43614298610364,0.481868267059326,2.26003696918488,"times//performance","CLOUD","CNN","32",0.5
178,"2021-08-23 18:01:58.984988",1.38946121596218,1.43018222792765,0.375128030776978,2.27193425099055,"times//performance","CLOUD","CNN","32",0.5
179,"2021-08-23 18:01:59.783074",1.38404922911575,1.42475802139197,0.459249258041382,2.28523568312327,"times//performance","CLOUD","CNN","32",0.5
180,"2021-08-23 18:02:00.598166",1.37873017920388,1.41942216820187,0.464304447174072,2.29882055123647,"times//performance","CLOUD","CNN","32",0.5
181,"2021-08-23 18:02:01.329948",1.37296506844831,1.41365676690202,0.375884532928467,2.3110169172287,"times//performance","CLOUD","CNN","32",0.5
182,"2021-08-23 18:02:02.069509",1.36730045669681,1.40802269846528,0.388256311416626,2.32334293524424,"times//performance","CLOUD","CNN","32",0.5
183,"2021-08-23 18:02:02.996597",1.36284671585417,1.40355533589431,0.590495347976685,2.33879440228144,"times//performance","CLOUD","CNN","32",0.5
184,"2021-08-23 18:02:03.736919",1.35734606825787,1.39804777632589,0.390164375305176,2.35113310019175,"times//performance","CLOUD","CNN","32",0.5
185,"2021-08-23 18:02:04.604925",1.3525980060165,1.39329453030148,0.518697261810303,2.36559986670812,"times//performance","CLOUD","CNN","32",0.5
186,"2021-08-23 18:02:05.346997",1.3472428360293,1.38793177630312,0.395822286605835,2.37796773513158,"times//performance","CLOUD","CNN","32",0.5
187,"2021-08-23 18:02:06.138641",1.34223508962335,1.38292639905756,0.451926231384277,2.39116180340449,"times//performance","CLOUD","CNN","32",0.5
188,"2021-08-23 18:02:06.947595",1.33740661879803,1.37807788874241,0.47140645980835,2.4046443661054,"times//performance","CLOUD","CNN","32",0.5
189,"2021-08-23 18:02:07.688717",1.33215250413885,1.37281583730506,0.38355016708374,2.41699639956156,"times//performance","CLOUD","CNN","32",0.5
190,"2021-08-23 18:02:08.422823",1.32695999020024,1.36761876658389,0.385372400283813,2.42923150062561,"times//performance","CLOUD","CNN","32",0.5
191,"2021-08-23 18:02:09.209465",1.32212592419529,1.36279980299985,0.44719672203064,2.44234220186869,"times//performance","CLOUD","CNN","32",0.5
192,"2021-08-23 18:02:10.028698",1.31747345378002,1.35816891118884,0.473668575286865,2.45599608421326,"times//performance","CLOUD","CNN","32",0.5
193,"2021-08-23 18:02:10.735293",1.31237790745157,1.35305244317327,0.370690584182739,2.46777266661326,"times//performance","CLOUD","CNN","32",0.5
194,"2021-08-23 18:02:11.473848",1.30738844084985,1.34805566011016,0.383676528930664,2.48008191982905,"times//performance","CLOUD","CNN","32",0.5
195,"2021-08-23 18:02:12.254637",1.3027472667205,1.34340038666358,0.440277338027954,2.49309506813685,"times//performance","CLOUD","CNN","32",0.5
196,"2021-08-23 18:02:13.092790",1.29838721362912,1.33903100174301,0.487000942230225,2.50706428289413,"times//performance","CLOUD","CNN","32",0.5
197,"2021-08-23 18:02:13.817696",1.29348384305305,1.33411970598444,0.371505737304688,2.51914605299632,"times//performance","CLOUD","CNN","32",0.5
198,"2021-08-23 18:02:14.628352",1.28906322970535,1.32968771818912,0.456586122512817,2.53265698353449,"times//performance","CLOUD","CNN","32",0.5
199,"2021-08-23 18:02:15.448088",1.28474129624103,1.32535192714864,0.466865301132202,2.54631925026576,"times//performance","CLOUD","CNN","32",0.5
200,"2021-08-23 18:02:16.185450",1.28002670526505,1.32064595103264,0.384156703948975,2.55860861937205,"times//performance","CLOUD","CNN","32",0.5
201,"2021-08-23 18:02:16.899342",1.27532895761936,1.31593751432884,0.374250173568726,2.57050681908925,"times//performance","CLOUD","CNN","32",0.5
202,"2021-08-23 18:02:17.631077",1.27069676276481,1.31133254211728,0.385733127593994,2.58270240227381,"times//performance","CLOUD","CNN","32",0.5
203,"2021-08-23 18:02:18.403716",1.2663463266025,1.30697514036019,0.426779985427856,2.59557971954346,"times//performance","CLOUD","CNN","32",0.5
204,"2021-08-23 18:02:19.134110",1.26186198346755,1.30248408224068,0.390799283981323,2.60775295098623,"times//performance","CLOUD","CNN","32",0.5
205,"2021-08-23 18:02:19.851223",1.25732653315474,1.29794415497198,0.371798992156982,2.61970483462016,"times//performance","CLOUD","CNN","32",0.5
206,"2021-08-23 18:02:20.670253",1.25332470194807,1.29393460912612,0.471977710723877,2.63335533539454,"times//performance","CLOUD","CNN","32",0.5
207,"2021-08-23 18:02:21.405711",1.2489347619135,1.28953274666975,0.382749080657959,2.64561296701431,"times//performance","CLOUD","CNN","32",0.5
208,"2021-08-23 18:02:22.148815",1.24464754301768,1.28525911042323,0.400616407394409,2.65799803336461,"times//performance","CLOUD","CNN","32",0.5
209,"2021-08-23 18:02:22.862922",1.24031963416834,1.28091445151699,0.377225399017334,2.66989981730779,"times//performance","CLOUD","CNN","32",0.5
210,"2021-08-23 18:02:23.579062",1.23600346360888,1.27658563114348,0.371862173080444,2.6818354845047,"times//performance","CLOUD","CNN","32",0.5
211,"2021-08-23 18:02:24.309682",1.23180744546285,1.27238865599248,0.391023874282837,2.69401248296102,"times//performance","CLOUD","CNN","32",0.5
212,"2021-08-23 18:02:25.075915",1.22784578350355,1.26844090448236,0.435465335845947,2.70678303639094,"times//performance","CLOUD","CNN","32",0.5
213,"2021-08-23 18:02:25.897316",1.22414515052043,1.26473292610455,0.478641510009766,2.72047305107117,"times//performance","CLOUD","CNN","32",0.5
214,"2021-08-23 18:02:26.621442",1.22000316258903,1.26058757973609,0.377628803253174,2.7325418194135,"times//performance","CLOUD","CNN","32",0.5
215,"2021-08-23 18:02:27.434182",1.21631675875464,1.25689415709917,0.466501712799072,2.74608748356501,"times//performance","CLOUD","CNN","32",0.5
216,"2021-08-23 18:02:28.162001",1.21226369672351,1.25283971097734,0.381133794784546,2.75821779966354,"times//performance","CLOUD","CNN","32",0.5
217,"2021-08-23 18:02:28.878138",1.20826405533997,1.2488330113723,0.383385896682739,2.77015341917674,"times//performance","CLOUD","CNN","32",0.5
218,"2021-08-23 18:02:29.684142",1.20466344290917,1.24523285332076,0.463998556137085,2.78358681996663,"times//performance","CLOUD","CNN","32",0.5
219,"2021-08-23 18:02:30.498271",1.20114094808221,1.24169720144577,0.470925092697144,2.79715563456217,"times//performance","CLOUD","CNN","32",0.5
220,"2021-08-23 18:02:31.230476",1.19724544720216,1.2377978736704,0.383845090866089,2.80935904979706,"times//performance","CLOUD","CNN","32",0.5
221,"2021-08-23 18:02:32.032379",1.19376139403468,1.23430208922511,0.465229511260986,2.82272409995397,"times//performance","CLOUD","CNN","32",0.5
222,"2021-08-23 18:02:32.764935",1.18990815974571,1.23046836337528,0.383214950561523,2.83493336836497,"times//performance","CLOUD","CNN","32",0.5
223,"2021-08-23 18:02:33.574621",1.18650250691469,1.22705865868538,0.470104217529297,2.84842813412348,"times//performance","CLOUD","CNN","32",0.5
224,"2021-08-23 18:02:34.295111",1.18271747657231,1.22327048331499,0.378507375717163,2.86043630043666,"times//performance","CLOUD","CNN","32",0.5
225,"2021-08-23 18:02:35.110547",1.17938555717468,1.21993689007229,0.473212003707886,2.87402690251668,"times//performance","CLOUD","CNN","32",0.5
226,"2021-08-23 18:02:35.843033",1.17567137490332,1.2162201394022,0.379951238632202,2.88623500267665,"times//performance","CLOUD","CNN","32",0.5
227,"2021-08-23 18:02:36.646087",1.17234126271655,1.21288021965699,0.45805835723877,2.89961923360825,"times//performance","CLOUD","CNN","32",0.5
228,"2021-08-23 18:02:37.375561",1.16868594968528,1.20921926226532,0.378181934356689,2.91177713473638,"times//performance","CLOUD","CNN","32",0.5
229,"2021-08-23 18:02:38.095062",1.1650737091964,1.20559835746299,0.380032062530518,2.92376881837845,"times//performance","CLOUD","CNN","32",0.5
230,"2021-08-23 18:02:38.813342",1.16147553091464,1.20198736501777,0.375070095062256,2.93574015299479,"times//performance","CLOUD","CNN","32",0.5
231,"2021-08-23 18:02:39.538347",1.15791223885177,1.19841646941709,0.377110481262207,2.94782356818517,"times//performance","CLOUD","CNN","32",0.5
232,"2021-08-23 18:02:40.337158",1.1546842270884,1.19520092421565,0.452409982681274,2.96113708416621,"times//performance","CLOUD","CNN","32",0.5
233,"2021-08-23 18:02:41.151510",1.15160460328851,1.19210886545959,0.474751234054565,2.97470961809158,"times//performance","CLOUD","CNN","32",0.5
234,"2021-08-23 18:02:41.879548",1.1481509993219,1.1886497155214,0.382667779922485,2.98684358596802,"times//performance","CLOUD","CNN","32",0.5
235,"2021-08-23 18:02:42.684386",1.14506733671148,1.18555722135179,0.461913585662842,3.00025755167007,"times//performance","CLOUD","CNN","32",0.5
236,"2021-08-23 18:02:43.412484",1.14164273112507,1.18211894217184,0.374123334884644,3.0123925169309,"times//performance","CLOUD","CNN","32",0.5
237,"2021-08-23 18:02:44.221603",1.13857648241872,1.17904609165111,0.453853368759155,3.02587783336639,"times//performance","CLOUD","CNN","32",0.5
238,"2021-08-23 18:02:45.022775",1.13553546857433,1.17599667120381,0.453284025192261,3.03923070033391,"times//performance","CLOUD","CNN","32",0.5
239,"2021-08-23 18:02:45.858540",1.13264625641093,1.17309769526685,0.483141422271729,3.0531601190567,"times//performance","CLOUD","CNN","32",0.5
240,"2021-08-23 18:02:46.586322",1.1293523401022,1.16979607840379,0.380709648132324,3.06528981924057,"times//performance","CLOUD","CNN","32",0.5
241,"2021-08-23 18:02:47.314952",1.1260734059504,1.16650936316652,0.377697706222534,3.07743364969889,"times//performance","CLOUD","CNN","32",0.5
242,"2021-08-23 18:02:48.122214",1.12311138594446,1.1635707567546,0.455366611480713,3.09088801940282,"times//performance","CLOUD","CNN","32",0.5
243,"2021-08-23 18:02:48.933029",1.12024986792984,1.16070681540564,0.467633008956909,3.10440160036087,"times//performance","CLOUD","CNN","32",0.5
244,"2021-08-23 18:02:49.661422",1.11703507724355,1.15748759664473,0.375217437744141,3.11654148499171,"times//performance","CLOUD","CNN","32",0.5
245,"2021-08-23 18:02:50.470704",1.11419367692908,1.15463569018306,0.458770513534546,3.13002951939901,"times//performance","CLOUD","CNN","32",0.5
246,"2021-08-23 18:02:51.201267",1.11106644025663,1.15150729233656,0.385049819946289,3.14220556815465,"times//performance","CLOUD","CNN","32",0.5
247,"2021-08-23 18:02:52.004875",1.10826724743554,1.14870227300204,0.458667516708374,3.15559903383255,"times//performance","CLOUD","CNN","32",0.5
248,"2021-08-23 18:02:52.726636",1.10517277736818,1.14559615331311,0.378384590148926,3.16762838363647,"times//performance","CLOUD","CNN","32",0.5
249,"2021-08-23 18:02:53.545124",1.10244797128271,1.14286524416452,0.465599775314331,3.18126985232035,"times//performance","CLOUD","CNN","32",0.5
250,"2021-08-23 18:02:54.261025",1.09941708946228,1.13982665634155,0.383218288421631,3.19320153395335,"times//performance","CLOUD","CNN","32",0.5
251,"2021-08-23 18:02:55.012734",1.09648119310934,1.13688795215105,0.402211904525757,3.20573001702627,"times//performance","CLOUD","CNN","32",0.5
252,"2021-08-23 18:02:55.749077",1.09352236607718,1.13394748407697,0.3958899974823,3.21800240278244,"times//performance","CLOUD","CNN","32",0.5
253,"2021-08-23 18:02:56.513521",1.09074308278532,1.13115857995075,0.428354740142822,3.23074313402176,"times//performance","CLOUD","CNN","32",0.5
254,"2021-08-23 18:02:57.316579",1.08814189471598,1.12855308168516,0.469362020492554,3.24412743647893,"times//performance","CLOUD","CNN","32",0.5
255,"2021-08-23 18:02:58.033759",1.08520500052209,1.1256079084733,0.377533912658691,3.25608043670654,"times//performance","CLOUD","CNN","32",0.5
256,"2021-08-23 18:02:58.869712",1.08273072168231,1.1231282427907,0.490813493728638,3.27001298666,"times//performance","CLOUD","CNN","32",0.5
257,"2021-08-23 18:02:59.589106",1.07981870981506,1.12020809455604,0.372650146484375,3.28200288613637,"times//performance","CLOUD","CNN","32",0.5
258,"2021-08-23 18:03:00.404524",1.07727947992872,1.117659195449,0.462592124938965,3.29559318621953,"times//performance","CLOUD","CNN","32",0.5
259,"2021-08-23 18:03:01.218301",1.07478520308682,1.11516289913516,0.471118450164795,3.30915613571803,"times//performance","CLOUD","CNN","32",0.5
260,"2021-08-23 18:03:01.940327",1.07196277471689,1.11233486945813,0.379875183105469,3.32118990023931,"times//performance","CLOUD","CNN","32",0.5
261,"2021-08-23 18:03:02.759027",1.06948557850045,1.10985041486806,0.463892221450806,3.3348349014918,"times//performance","CLOUD","CNN","32",0.5
262,"2021-08-23 18:03:03.494566",1.06672596112462,1.10711161507905,0.392284870147705,3.34709388415019,"times//performance","CLOUD","CNN","32",0.5
263,"2021-08-23 18:03:04.293606",1.06426370461177,1.10463864993686,0.456721782684326,3.36041121880213,"times//performance","CLOUD","CNN","32",0.5
264,"2021-08-23 18:03:05.110516",1.06184670148474,1.10221377556974,0.464471817016602,3.3740263859431,"times//performance","CLOUD","CNN","32",0.5
265,"2021-08-23 18:03:05.837222",1.0591268998272,1.09949072891811,0.380606412887573,3.38613815307617,"times//performance","CLOUD","CNN","32",0.5
266,"2021-08-23 18:03:06.652156",1.05677940433187,1.09713523369983,0.472929000854492,3.39972038666407,"times//performance","CLOUD","CNN","32",0.5
267,"2021-08-23 18:03:07.382763",1.0541061328145,1.0944528347544,0.380934715270996,3.41189716657003,"times//performance","CLOUD","CNN","32",0.5
268,"2021-08-23 18:03:08.186788",1.05172353627077,1.09208280648758,0.459285259246826,3.42529758612315,"times//performance","CLOUD","CNN","32",0.5
269,"2021-08-23 18:03:08.914493",1.04910577362798,1.08945934568639,0.386371850967407,3.43742600282033,"times//performance","CLOUD","CNN","32",0.5
270,"2021-08-23 18:03:09.632104",1.04647860173826,1.0868238484418,0.377875089645386,3.44938618342082,"times//performance","CLOUD","CNN","32",0.5
271,"2021-08-23 18:03:10.437899",1.0441502873748,1.08449054292207,0.454498052597046,3.46281610329946,"times//performance","CLOUD","CNN","32",0.5
272,"2021-08-23 18:03:11.261801",1.04190542855683,1.0822658214499,0.479366302490234,3.4765478014946,"times//performance","CLOUD","CNN","32",0.5
273,"2021-08-23 18:03:11.975066",1.03932454297831,1.0796737906697,0.374641418457031,3.48843555053075,"times//performance","CLOUD","CNN","32",0.5
274,"2021-08-23 18:03:12.794807",1.03711874554627,1.07746030205358,0.473177909851074,3.50209790070852,"times//performance","CLOUD","CNN","32",0.5
275,"2021-08-23 18:03:13.510552",1.03455728877674,1.07490098259666,0.373647451400757,3.514026983579,"times//performance","CLOUD","CNN","32",0.5
276,"2021-08-23 18:03:14.329055",1.03235157676365,1.07269211005473,0.465252161026001,3.52766870260239,"times//performance","CLOUD","CNN","32",0.5
277,"2021-08-23 18:03:15.138756",1.03013605331256,1.07047190993271,0.457696676254272,3.54116371870041,"times//performance","CLOUD","CNN","32",0.5
278,"2021-08-23 18:03:15.862536",1.02764632633264,1.06797362660333,0.375949144363403,3.55322671731313,"times//performance","CLOUD","CNN","32",0.5
279,"2021-08-23 18:03:16.682559",1.02554577567671,1.06587012352482,0.481096267700195,3.56689376831055,"times//performance","CLOUD","CNN","32",0.5
280,"2021-08-23 18:03:17.393963",1.0230902995382,1.06340473975454,0.37556266784668,3.5787505030632,"times//performance","CLOUD","CNN","32",0.5
281,"2021-08-23 18:03:18.131729",1.02067395885644,1.0609832785732,0.382974147796631,3.59104659954707,"times//performance","CLOUD","CNN","32",0.5
282,"2021-08-23 18:03:18.860751",1.01825738037732,1.05859372801815,0.38713002204895,3.6031969666481,"times//performance","CLOUD","CNN","32",0.5
283,"2021-08-23 18:03:19.601650",1.01596419128849,1.05629446228486,0.407901525497437,3.61554528474808,"times//performance","CLOUD","CNN","32",0.5
284,"2021-08-23 18:03:20.302426",1.01361713610904,1.05393829815824,0.387143850326538,3.62722488641739,"times//performance","CLOUD","CNN","32",0.5
285,"2021-08-23 18:03:21.034255",1.01128858934369,1.05160208166691,0.388116598129272,3.63942203521729,"times//performance","CLOUD","CNN","32",0.5
286,"2021-08-23 18:03:21.763340",1.00897311414038,1.04928230322324,0.388145446777344,3.65157345136007,"times//performance","CLOUD","CNN","32",0.5
287,"2021-08-23 18:03:22.489570",1.00669236548686,1.0469969739482,0.39339280128479,3.6636772831281,"times//performance","CLOUD","CNN","32",0.5
288,"2021-08-23 18:03:23.223407",1.00441343254513,1.04472818225622,0.393584966659546,3.67590790192286,"times//performance","CLOUD","CNN","32",0.5
289,"2021-08-23 18:03:23.951969",1.00217815253974,1.04248751406026,0.397175073623657,3.68805059989293,"times//performance","CLOUD","CNN","32",0.5
290,"2021-08-23 18:03:24.782345",1.00031275009287,1.0406179337666,0.500309228897095,3.70189020236333,"times//performance","CLOUD","CNN","32",0.5
291,"2021-08-23 18:03:25.505949",0.998050722469579,1.03834586700623,0.379446506500244,3.71395026842753,"times//performance","CLOUD","CNN","32",0.5
292,"2021-08-23 18:03:26.318614",0.996111045961511,1.03642193013675,0.476556301116943,3.72749468485514,"times//performance","CLOUD","CNN","32",0.5
293,"2021-08-23 18:03:27.022115",0.993866748777266,1.03416949246117,0.376457691192627,3.73921970129013,"times//performance","CLOUD","CNN","32",0.5
294,"2021-08-23 18:03:27.776080",0.991744668305326,1.03204522003122,0.40963339805603,3.75178578297297,"times//performance","CLOUD","CNN","32",0.5
295,"2021-08-23 18:03:28.562368",0.989742317846266,1.03003557576972,0.439200162887573,3.76489058335622,"times//performance","CLOUD","CNN","32",0.5
296,"2021-08-23 18:03:29.381807",0.987848996310621,1.02814157105781,0.469410181045532,3.77854790290197,"times//performance","CLOUD","CNN","32",0.5
297,"2021-08-23 18:03:30.116129",0.985679829562152,1.02596673178753,0.382214307785034,3.79078660011292,"times//performance","CLOUD","CNN","32",0.5
298,"2021-08-23 18:03:30.918159",0.983756284585735,1.0240356234096,0.450496435165405,3.80415376822154,"times//performance","CLOUD","CNN","32",0.5
299,"2021-08-23 18:03:31.736748",0.981901629712669,1.02217250683635,0.466963768005371,3.8177969177564,"times//performance","CLOUD","CNN","32",0.5
300,"2021-08-23 18:03:32.467589",0.979764386018117,1.02002969582876,0.379329204559326,3.82997759977976,"times//performance","CLOUD","CNN","32",0.5
301,"2021-08-23 18:03:33.271452",0.977913256895503,1.01817329856644,0.461254119873047,3.84337531725566,"times//performance","CLOUD","CNN","32",0.5
302,"2021-08-23 18:03:34.100462",0.976083432601777,1.01637237593038,0.474294662475586,3.85719215075175,"times//performance","CLOUD","CNN","32",0.5
303,"2021-08-23 18:03:34.808338",0.973988250537281,1.01427019547315,0.379411697387695,3.86899008353551,"times//performance","CLOUD","CNN","32",0.5
304,"2021-08-23 18:03:35.629807",0.972230305012904,1.01251066044757,0.479371547698975,3.88268123467763,"times//performance","CLOUD","CNN","32",0.5
305,"2021-08-23 18:03:36.355438",0.970166822339668,1.01044677750009,0.383026361465454,3.89477508465449,"times//performance","CLOUD","CNN","32",0.5
306,"2021-08-23 18:03:37.161096",0.968390358818902,1.00866437114142,0.465030431747437,3.90820271968842,"times//performance","CLOUD","CNN","32",0.5
307,"2021-08-23 18:03:37.985213",0.966629241887444,1.00690986201507,0.470030069351196,3.92193800210953,"times//performance","CLOUD","CNN","32",0.5
308,"2021-08-23 18:03:38.702531",0.964590965153335,1.00486472287735,0.377007007598877,3.93389330307643,"times//performance","CLOUD","CNN","32",0.5
309,"2021-08-23 18:03:39.526153",0.962865209116519,1.00314175272451,0.472466945648193,3.9476203362147,"times//performance","CLOUD","CNN","32",0.5
310,"2021-08-23 18:03:40.245761",0.960866486641669,1.0011415912259,0.383091688156128,3.95961380004883,"times//performance","CLOUD","CNN","32",0.5
311,"2021-08-23 18:03:40.959027",0.958873406100503,0.999140911163624,0.37893009185791,3.9715015689532,"times//performance","CLOUD","CNN","32",0.5
312,"2021-08-23 18:03:41.675033",0.956879991751451,0.997160278833829,0.381183624267578,3.98343500296275,"times//performance","CLOUD","CNN","32",0.5
313,"2021-08-23 18:03:42.462835",0.95513765804303,0.995410655634091,0.449528217315674,3.99656503597895,"times//performance","CLOUD","CNN","32",0.5
314,"2021-08-23 18:03:43.204790",0.953299712223612,0.993565541164131,0.41604471206665,4.00893095334371,"times//performance","CLOUD","CNN","32",0.5
315,"2021-08-23 18:03:44.022376",0.951672289863465,0.991930160825215,0.478420734405518,4.02255738576253,"times//performance","CLOUD","CNN","32",0.5
316,"2021-08-23 18:03:44.743901",0.949727539774738,0.989978233470192,0.375121116638184,4.0345828016599,"times//performance","CLOUD","CNN","32",0.5
317,"2021-08-23 18:03:45.561843",0.948102460674683,0.98834623523315,0.472634792327881,4.0482151667277,"times//performance","CLOUD","CNN","32",0.5
318,"2021-08-23 18:03:46.291943",0.946199781489822,0.986436932341857,0.381187915802002,4.06038350264231,"times//performance","CLOUD","CNN","32",0.5
319,"2021-08-23 18:03:47.098140",0.944545746597003,0.984783676350752,0.459048271179199,4.07382011810938,"times//performance","CLOUD","CNN","32",0.5
320,"2021-08-23 18:03:47.811099",0.942657129466534,0.982891502976418,0.379288196563721,4.08570276896159,"times//performance","CLOUD","CNN","32",0.5
321,"2021-08-23 18:03:48.528697",0.9407654937554,0.980994970999031,0.374104738235474,4.09766273498535,"times//performance","CLOUD","CNN","32",0.5
322,"2021-08-23 18:03:49.284989",0.938982534852828,0.979225043924699,0.411078453063965,4.11026760339737,"times//performance","CLOUD","CNN","32",0.5
323,"2021-08-23 18:03:49.991245",0.937120729186587,0.977363822629946,0.378050565719604,4.12203853527705,"times//performance","CLOUD","CNN","32",0.5
324,"2021-08-23 18:03:50.705611",0.935265596266146,0.975501730854129,0.374046087265015,4.13394463459651,"times//performance","CLOUD","CNN","32",0.5
325,"2021-08-23 18:03:51.421776",0.933429339482234,0.973664143635676,0.378285884857178,4.14588071902593,"times//performance","CLOUD","CNN","32",0.5
326,"2021-08-23 18:03:52.156143",0.931626854498694,0.971856714026328,0.384442090988159,4.1581201672554,"times//performance","CLOUD","CNN","32",0.5
327,"2021-08-23 18:03:52.935619",0.930008280167886,0.970234090035115,0.441258668899536,4.17111143668493,"times//performance","CLOUD","CNN","32",0.5
328,"2021-08-23 18:03:53.755398",0.928515502592412,0.968733294707973,0.477973222732544,4.18477441867193,"times//performance","CLOUD","CNN","32",0.5
329,"2021-08-23 18:03:54.468909",0.926728123227151,0.966939733383503,0.37865161895752,4.19666626850764,"times//performance","CLOUD","CNN","32",0.5
330,"2021-08-23 18:03:55.198011",0.92497251106031,0.965176479021708,0.385065793991089,4.20881796677907,"times//performance","CLOUD","CNN","32",0.5
331,"2021-08-23 18:03:55.933180",0.923266595223879,0.963463568615409,0.398203134536743,4.22107078631719,"times//performance","CLOUD","CNN","32",0.5
332,"2021-08-23 18:03:56.710748",0.921653270003307,0.961860560509096,0.431264877319336,4.23403025070826,"times//performance","CLOUD","CNN","32",0.5
333,"2021-08-23 18:03:57.422399",0.919892106328283,0.960095880983828,0.374222278594971,4.24589110215505,"times//performance","CLOUD","CNN","32",0.5
334,"2021-08-23 18:03:58.149496",0.918169187928388,0.958366876590752,0.382608413696289,4.25800938606262,"times//performance","CLOUD","CNN","32",0.5
335,"2021-08-23 18:03:58.869142",0.916438388112766,0.956633218366708,0.377591371536255,4.27000348567963,"times//performance","CLOUD","CNN","32",0.5
336,"2021-08-23 18:03:59.598541",0.914745616061347,0.954938864424115,0.387330293655396,4.28216013511022,"times//performance","CLOUD","CNN","32",0.5
337,"2021-08-23 18:04:00.315252",0.913033999745853,0.953221297759331,0.376118898391724,4.29410531918208,"times//performance","CLOUD","CNN","32",0.5
338,"2021-08-23 18:04:01.035836",0.911335874591353,0.95151599201225,0.376827955245972,4.30611505111059,"times//performance","CLOUD","CNN","32",0.5
339,"2021-08-23 18:04:01.840598",0.909884758755169,0.95006507828524,0.459656238555908,4.31952775319417,"times//performance","CLOUD","CNN","32",0.5
340,"2021-08-23 18:04:02.561943",0.908208204016966,0.948381156781141,0.377531766891479,4.33155016899109,"times//performance","CLOUD","CNN","32",0.5
341,"2021-08-23 18:04:03.291288",0.906559701539205,0.946726391392369,0.384106159210205,4.34370591640472,"times//performance","CLOUD","CNN","32",0.5
342,"2021-08-23 18:04:04.097497",0.905147318254437,0.94532549172117,0.467618703842163,4.35714273452759,"times//performance","CLOUD","CNN","32",0.5
343,"2021-08-23 18:04:04.816924",0.903521889500298,0.943696254196389,0.386497020721436,4.36913318634033,"times//performance","CLOUD","CNN","32",0.5
344,"2021-08-23 18:04:05.630060",0.902163895063622,0.942331002895222,0.474049806594849,4.38268545071284,"times//performance","CLOUD","CNN","32",0.5
345,"2021-08-23 18:04:06.353160",0.900537703693777,0.940699992663618,0.379632472991943,4.39473711649577,"times//performance","CLOUD","CNN","32",0.5
346,"2021-08-23 18:04:07.166686",0.89918799414111,0.939345648523011,0.472096920013428,4.40829588572184,"times//performance","CLOUD","CNN","32",0.5
347,"2021-08-23 18:04:07.895679",0.897581128634362,0.937747367864383,0.384742259979248,4.42044576803843,"times//performance","CLOUD","CNN","32",0.5
348,"2021-08-23 18:04:08.704909",0.896244227201089,0.936406805597503,0.471231698989868,4.43393293619156,"times//performance","CLOUD","CNN","32",0.5
349,"2021-08-23 18:04:09.429349",0.894641891249955,0.934797970135096,0.374923229217529,4.44600693384806,"times//performance","CLOUD","CNN","32",0.5
350,"2021-08-23 18:04:10.241856",0.893307440621512,0.933460048948015,0.466525554656982,4.45954871972402,"times//performance","CLOUD","CNN","32",0.5
351,"2021-08-23 18:04:11.055572",0.89201428136255,0.932159437413229,0.476945400238037,4.47311065196991,"times//performance","CLOUD","CNN","32",0.5
352,"2021-08-23 18:04:11.798183",0.890466360205954,0.93062580444596,0.39232063293457,4.48548750082652,"times//performance","CLOUD","CNN","32",0.5
353,"2021-08-23 18:04:12.597949",0.88915898577012,0.929315211752657,0.467986583709717,4.49881693522135,"times//performance","CLOUD","CNN","32",0.5
354,"2021-08-23 18:04:13.414948",0.887869385002697,0.928019537090582,0.470646381378174,4.51243358453115,"times//performance","CLOUD","CNN","32",0.5
355,"2021-08-23 18:04:14.133576",0.886324235754953,0.926474386537579,0.379491090774536,4.52441071669261,"times//performance","CLOUD","CNN","32",0.5
356,"2021-08-23 18:04:14.948183",0.885038731473216,0.925180459960123,0.465836524963379,4.53798750241597,"times//performance","CLOUD","CNN","32",0.5
357,"2021-08-23 18:04:15.678066",0.883515700572679,0.92364972579379,0.378708362579346,4.55015221834183,"times//performance","CLOUD","CNN","32",0.5
358,"2021-08-23 18:04:16.432979",0.882084099274108,0.922210726658059,0.408488035202026,4.56273410320282,"times//performance","CLOUD","CNN","32",0.5
359,"2021-08-23 18:04:17.183806",0.880658987172799,0.920777505486788,0.407684326171875,4.57524788379669,"times//performance","CLOUD","CNN","32",0.5
360,"2021-08-23 18:04:18.023518",0.879484581285053,0.919599477450053,0.496687412261963,4.5892430861791,"times//performance","CLOUD","CNN","32",0.5
361,"2021-08-23 18:04:18.744270",0.877997952485018,0.918107140427481,0.380865812301636,4.60125561952591,"times//performance","CLOUD","CNN","32",0.5
362,"2021-08-23 18:04:19.567902",0.876743856055961,0.916872280737313,0.47108793258667,4.61498281955719,"times//performance","CLOUD","CNN","32",0.5
363,"2021-08-23 18:04:20.374748",0.87552893588694,0.915655354166162,0.475127935409546,4.62843025128047,"times//performance","CLOUD","CNN","32",0.5
364,"2021-08-23 18:04:21.106850",0.874077867020618,0.914200093719985,0.385940551757812,4.64063194990158,"times//performance","CLOUD","CNN","32",0.5
365,"2021-08-23 18:04:21.923830",0.872882372059234,0.913001736549482,0.476799726486206,4.65424828529358,"times//performance","CLOUD","CNN","32",0.5
366,"2021-08-23 18:04:22.633847",0.871424078289928,0.911541729025502,0.378638982772827,4.66608190139135,"times//performance","CLOUD","CNN","32",0.5
367,"2021-08-23 18:04:23.360194",0.869984489695578,0.910098406534429,0.381842374801636,4.67818768421809,"times//performance","CLOUD","CNN","32",0.5
368,"2021-08-23 18:04:24.168560",0.868785619735718,0.908894839494125,0.467185735702515,4.69166045188904,"times//performance","CLOUD","CNN","32",0.5
369,"2021-08-23 18:04:24.884585",0.867365274972063,0.907472596905096,0.384087324142456,4.70359419981639,"times//performance","CLOUD","CNN","32",0.5
370,"2021-08-23 18:04:25.705162",0.86621249366451,0.906317742450817,0.480176448822021,4.7172704855601,"times//performance","CLOUD","CNN","32",0.5
371,"2021-08-23 18:04:26.426442",0.864800912029338,0.904900915217849,0.380674839019775,4.72929181655248,"times//performance","CLOUD","CNN","32",0.5
372,"2021-08-23 18:04:27.246807",0.863616101203426,0.903731514689743,0.469883918762207,4.74296456972758,"times//performance","CLOUD","CNN","32",0.5
373,"2021-08-23 18:04:28.056198",0.86247332166411,0.902588441608419,0.477365255355835,4.75645441611608,"times//performance","CLOUD","CNN","32",0.5
374,"2021-08-23 18:04:28.785474",0.861076988638404,0.901186180624732,0.378142833709717,4.76860901912053,"times//performance","CLOUD","CNN","32",0.5
375,"2021-08-23 18:04:29.503684",0.859672236760457,0.899778731028239,0.373392581939697,4.78057918548584,"times//performance","CLOUD","CNN","32",0.5
376,"2021-08-23 18:04:30.245631",0.858337845574034,0.898440970385328,0.396780729293823,4.79294496774673,"times//performance","CLOUD","CNN","32",0.5
377,"2021-08-23 18:04:31.136945",0.857424098553645,0.897525142295291,0.553173780441284,4.80780020157496,"times//performance","CLOUD","CNN","32",0.5
378,"2021-08-23 18:04:31.907946",0.856196245188436,0.896289425552207,0.430424213409424,4.8206502199173,"times//performance","CLOUD","CNN","32",0.5
379,"2021-08-23 18:04:33.077080",0.855994210708739,0.896086589013052,0.819414377212524,4.8401357849439,"times//performance","CLOUD","CNN","32",0.5
380,"2021-08-23 18:04:33.890928",0.85488566160202,0.894973430508061,0.473086357116699,4.853699918588,"times//performance","CLOUD","CNN","32",0.5
381,"2021-08-23 18:04:34.625523",0.853532730437952,0.89362215307441,0.380136728286743,4.86594316959381,"times//performance","CLOUD","CNN","32",0.5
382,"2021-08-23 18:04:35.439212",0.852395348523924,0.892500381819241,0.465105533599854,4.87950465281804,"times//performance","CLOUD","CNN","32",0.5
383,"2021-08-23 18:04:36.250432",0.851293899994295,0.891393234462091,0.468462944030762,4.89302498499552,"times//performance","CLOUD","CNN","32",0.5
384,"2021-08-23 18:04:36.965058",0.849949974566698,0.890046016623577,0.374061584472656,4.90493541955948,"times//performance","CLOUD","CNN","32",0.5
385,"2021-08-23 18:04:37.694338",0.848620251246861,0.888710794820414,0.375985622406006,4.91709008614222,"times//performance","CLOUD","CNN","32",0.5
386,"2021-08-23 18:04:38.502312",0.847521503354601,0.887608908001005,0.463382482528687,4.93055631717046,"times//performance","CLOUD","CNN","32",0.5
387,"2021-08-23 18:04:39.217083",0.846214855056092,0.886299529432942,0.380879402160645,4.94246916770935,"times//performance","CLOUD","CNN","32",0.5
388,"2021-08-23 18:04:39.939259",0.844908714908915,0.884992939295228,0.379342555999756,4.95450543562571,"times//performance","CLOUD","CNN","32",0.5
389,"2021-08-23 18:04:40.654951",0.843613354283311,0.883696675607049,0.380746364593506,4.96643363634745,"times//performance","CLOUD","CNN","32",0.5
390,"2021-08-23 18:04:41.471053",0.842590893231905,0.882669461690463,0.483083248138428,4.98003533283869,"times//performance","CLOUD","CNN","32",0.5
391,"2021-08-23 18:04:42.192756",0.841321207373343,0.881400163216359,0.38637375831604,4.99206371704737,"times//performance","CLOUD","CNN","32",0.5
392,"2021-08-23 18:04:42.905650",0.840036846545278,0.880126633206192,0.382176399230957,5.00394528309504,"times//performance","CLOUD","CNN","32",0.5
393,"2021-08-23 18:04:43.631540",0.838814325308375,0.878898112221832,0.397317886352539,5.01604345242182,"times//performance","CLOUD","CNN","32",0.5
394,"2021-08-23 18:04:44.441931",0.837828435873622,0.87791175890695,0.490274906158447,5.02954996824265,"times//performance","CLOUD","CNN","32",0.5
395,"2021-08-23 18:04:45.174655",0.836579206925404,0.876661914511572,0.384223222732544,5.04176203409831,"times//performance","CLOUD","CNN","32",0.5
396,"2021-08-23 18:04:45.897335",0.835333917478118,0.875414889870268,0.382840156555176,5.05380670229594,"times//performance","CLOUD","CNN","32",0.5
397,"2021-08-23 18:04:46.618519",0.834080675086687,0.874156787353439,0.375948190689087,5.06582643588384,"times//performance","CLOUD","CNN","32",0.5
398,"2021-08-23 18:04:47.411164",0.832999110221863,0.873071793934808,0.442329406738281,5.07903718551,"times//performance","CLOUD","CNN","32",0.5
399,"2021-08-23 18:04:48.233697",0.832019244220323,0.872091069257349,0.481762647628784,5.09274606704712,"times//performance","CLOUD","CNN","32",0.5
400,"2021-08-23 18:04:48.958045",0.83080273270607,0.870873303413391,0.384984731674194,5.10481853485107,"times//performance","CLOUD","CNN","32",0.5
401,"2021-08-23 18:04:49.778052",0.829836224082699,0.869902035244682,0.48139476776123,5.11848531961441,"times//performance","CLOUD","CNN","32",0.5
402,"2021-08-23 18:04:50.501910",0.828642001199485,0.868721358811677,0.395270109176636,5.13054961760839,"times//performance","CLOUD","CNN","32",0.5
403,"2021-08-23 18:04:51.302240",0.827635502992729,0.867714229943439,0.462848424911499,5.14388844966888,"times//performance","CLOUD","CNN","32",0.5
404,"2021-08-23 18:04:52.121428",0.826674235339212,0.866750776177586,0.478478908538818,5.15754158496857,"times//performance","CLOUD","CNN","32",0.5
405,"2021-08-23 18:04:52.856364",0.825485259515268,0.865559194117417,0.384160041809082,5.16979051828384,"times//performance","CLOUD","CNN","32",0.5
406,"2021-08-23 18:04:53.679549",0.824548696649486,0.864619992049457,0.484243154525757,5.18351026773453,"times//performance","CLOUD","CNN","32",0.5
407,"2021-08-23 18:04:54.401233",0.823361994886281,0.863428356606486,0.379624366760254,5.19553833405177,"times//performance","CLOUD","CNN","32",0.5
408,"2021-08-23 18:04:55.196823",0.822334651853524,0.862396139724582,0.442283868789673,5.20879816611608,"times//performance","CLOUD","CNN","32",0.5
409,"2021-08-23 18:04:55.924651",0.821174952686562,0.861233439597058,0.386851787567139,5.22092863321304,"times//performance","CLOUD","CNN","32",0.5
410,"2021-08-23 18:04:56.726451",0.820203530497667,0.860259081677693,0.461746692657471,5.23429196675619,"times//performance","CLOUD","CNN","32",0.5
411,"2021-08-23 18:04:57.458267",0.819034049690785,0.859087538545149,0.378754854202271,5.24648890097936,"times//performance","CLOUD","CNN","32",0.5
412,"2021-08-23 18:04:58.193391",0.817876086073014,0.857938752591031,0.385787725448608,5.25874096949895,"times//performance","CLOUD","CNN","32",0.5
413,"2021-08-23 18:04:58.913945",0.816725435903517,0.856786457736036,0.382040977478027,5.27075020074844,"times//performance","CLOUD","CNN","32",0.5
414,"2021-08-23 18:04:59.697371",0.815704358948602,0.855759064356486,0.431445598602295,5.2838073015213,"times//performance","CLOUD","CNN","32",0.5
415,"2021-08-23 18:05:00.515776",0.814789932894419,0.854839318057141,0.474064350128174,5.29744738340378,"times//performance","CLOUD","CNN","32",0.5
416,"2021-08-23 18:05:01.254577",0.813660370615812,0.853709317170657,0.384758949279785,5.30976073344549,"times//performance","CLOUD","CNN","32",0.5
417,"2021-08-23 18:05:02.053523",0.812701631221268,0.852747008097258,0.452426433563232,5.3230765024821,"times//performance","CLOUD","CNN","32",0.5
418,"2021-08-23 18:05:02.869813",0.811796650932166,0.851836940888583,0.472338914871216,5.33668133417765,"times//performance","CLOUD","CNN","32",0.5
419,"2021-08-23 18:05:03.599946",0.810669860293586,0.850705669148156,0.37783408164978,5.348850218455,"times//performance","CLOUD","CNN","32",0.5
420,"2021-08-23 18:05:04.327601",0.80956076780955,0.8495936637833,0.383663415908813,5.36097780068715,"times//performance","CLOUD","CNN","32",0.5
421,"2021-08-23 18:05:05.124808",0.808615247880478,0.848643683481103,0.449651956558228,5.37426458597183,"times//performance","CLOUD","CNN","32",0.5
422,"2021-08-23 18:05:05.858741",0.807498977647574,0.847543280271557,0.384273529052734,5.38649680217107,"times//performance","CLOUD","CNN","32",0.5
423,"2021-08-23 18:05:06.662061",0.806608422709977,0.846648093938264,0.468879461288452,5.39988546768824,"times//performance","CLOUD","CNN","32",0.5
424,"2021-08-23 18:05:07.398102",0.805525820210295,0.84556562889297,0.387682914733887,5.41215281883875,"times//performance","CLOUD","CNN","32",0.5
425,"2021-08-23 18:05:08.200305",0.804616978028241,0.844651700188132,0.457145929336548,5.42552286783854,"times//performance","CLOUD","CNN","32",0.5
426,"2021-08-23 18:05:09.020365",0.803739842114874,0.843770238715158,0.469149112701416,5.43919053475062,"times//performance","CLOUD","CNN","32",0.5
427,"2021-08-23 18:05:09.732354",0.802661341303126,0.842686806127115,0.381144523620605,5.45105701684952,"times//performance","CLOUD","CNN","32",0.5
428,"2021-08-23 18:05:10.447114",0.801574881945815,0.841594239261663,0.375068187713623,5.46296968460083,"times//performance","CLOUD","CNN","32",0.5
429,"2021-08-23 18:05:11.271648",0.800723544367543,0.840738921176581,0.474662780761719,5.47671191692352,"times//performance","CLOUD","CNN","32",0.5
430,"2021-08-23 18:05:12.000662",0.799658549663632,0.839669947291529,0.381080150604248,5.48886215289434,"times//performance","CLOUD","CNN","32",0.5
431,"2021-08-23 18:05:12.805549",0.798791376454648,0.838797832033197,0.463788270950317,5.50227693319321,"times//performance","CLOUD","CNN","32",0.5
432,"2021-08-23 18:05:13.634885",0.797945644568514,0.837964351530428,0.478734254837036,5.5160992026329,"times//performance","CLOUD","CNN","32",0.5
433,"2021-08-23 18:05:14.445016",0.79711525765082,0.8371323002954,0.477686166763306,5.52960138320923,"times//performance","CLOUD","CNN","32",0.5
434,"2021-08-23 18:05:15.176745",0.796072029298352,0.836083450075668,0.381931304931641,5.54179686705271,"times//performance","CLOUD","CNN","32",0.5
435,"2021-08-23 18:05:15.982651",0.795188870375184,0.83519828346954,0.451035976409912,5.55522863467534,"times//performance","CLOUD","CNN","32",0.5
436,"2021-08-23 18:05:16.803305",0.794353339103384,0.834369547870181,0.473869562149048,5.5689061999321,"times//performance","CLOUD","CNN","32",0.5
437,"2021-08-23 18:05:17.524961",0.793310497663659,0.833320043179754,0.375735998153687,5.58093380133311,"times//performance","CLOUD","CNN","32",0.5
438,"2021-08-23 18:05:18.332999",0.792456743379706,0.832460201494226,0.456709384918213,5.59440110127131,"times//performance","CLOUD","CNN","32",0.5
439,"2021-08-23 18:05:19.157680",0.791643794956946,0.831642837893719,0.473637580871582,5.60814578533173,"times//performance","CLOUD","CNN","32",0.5
440,"2021-08-23 18:05:19.876641",0.790621755339883,0.830616297505119,0.37996506690979,5.62012846867243,"times//performance","CLOUD","CNN","32",0.5
441,"2021-08-23 18:05:20.673371",0.789748758415516,0.829741629343184,0.444887638092041,5.6334073026975,"times//performance","CLOUD","CNN","32",0.5
442,"2021-08-23 18:05:21.513645",0.788969964463247,0.828973755577571,0.490341424942017,5.64741186698278,"times//performance","CLOUD","CNN","32",0.5
443,"2021-08-23 18:05:22.251347",0.787991873566776,0.827990320950545,0.393312215805054,5.65970690250397,"times//performance","CLOUD","CNN","32",0.5
444,"2021-08-23 18:05:23.047048",0.787161696601558,0.827158894087817,0.458836793899536,5.67296858628591,"times//performance","CLOUD","CNN","32",0.5
445,"2021-08-23 18:05:23.863154",0.786352199382996,0.826348718900359,0.466630935668945,5.68657035032908,"times//performance","CLOUD","CNN","32",0.5
446,"2021-08-23 18:05:24.577791",0.785356291206428,0.825346179607203,0.379216194152832,5.69848096768061,"times//performance","CLOUD","CNN","32",0.5
447,"2021-08-23 18:05:25.314982",0.784391317324884,0.824379925226472,0.393430471420288,5.71076748371124,"times//performance","CLOUD","CNN","32",0.5
448,"2021-08-23 18:05:26.030455",0.783401479678495,0.823390185300793,0.380976438522339,5.72269203662872,"times//performance","CLOUD","CNN","32",0.5
449,"2021-08-23 18:05:26.749337",0.782411734086103,0.82240118268869,0.379328012466431,5.73467340071996,"times//performance","CLOUD","CNN","32",0.5
450,"2021-08-23 18:05:27.586896",0.781711378627353,0.821695224444072,0.504719972610474,5.74863271713257,"times//performance","CLOUD","CNN","32",0.5
451,"2021-08-23 18:05:28.368847",0.780886157388962,0.820869430998741,0.449262380599976,5.76166523297628,"times//performance","CLOUD","CNN","32",0.5
452,"2021-08-23 18:05:29.109940",0.779949651882712,0.81994545987222,0.403234481811523,5.77401678562164,"times//performance","CLOUD","CNN","32",0.5
453,"2021-08-23 18:05:29.837473",0.779010284289093,0.819006081448486,0.394407033920288,5.78614233334859,"times//performance","CLOUD","CNN","32",0.5
454,"2021-08-23 18:05:30.570036",0.778072905435436,0.818066892644907,0.392614364624023,5.79835171699524,"times//performance","CLOUD","CNN","32",0.5
455,"2021-08-23 18:05:31.295713",0.77714005616995,0.817133616353129,0.393426179885864,5.81044633388519,"times//performance","CLOUD","CNN","32",0.5
456,"2021-08-23 18:05:32.071213",0.776321200948012,0.816313141270688,0.442996978759766,5.82337133487066,"times//performance","CLOUD","CNN","32",0.5
457,"2021-08-23 18:05:32.881965",0.775585929987467,0.815578032896347,0.480368614196777,5.83688386678696,"times//performance","CLOUD","CNN","32",0.5
458,"2021-08-23 18:05:33.598992",0.774656285365075,0.814643734407217,0.387669324874878,5.84883431990941,"times//performance","CLOUD","CNN","32",0.5
459,"2021-08-23 18:05:34.412867",0.773941585960471,0.81392715958988,0.485735893249512,5.86239890257518,"times//performance","CLOUD","CNN","32",0.5
460,"2021-08-23 18:05:35.130151",0.773011002851569,0.812994778674582,0.385031938552856,5.87435363531113,"times//performance","CLOUD","CNN","32",0.5
461,"2021-08-23 18:05:35.949209",0.772310759654014,0.812295218610453,0.490497589111328,5.88800460100174,"times//performance","CLOUD","CNN","32",0.5
462,"2021-08-23 18:05:36.662464",0.771366498687051,0.811361801056635,0.381056308746338,5.89989218314489,"times//performance","CLOUD","CNN","32",0.5
463,"2021-08-23 18:05:37.380671",0.770452525136795,0.810446012612295,0.387351751327515,5.91186230182648,"times//performance","CLOUD","CNN","32",0.5
464,"2021-08-23 18:05:38.099449",0.769535636079722,0.80952482490704,0.383014917373657,5.92384193340937,"times//performance","CLOUD","CNN","32",0.5
465,"2021-08-23 18:05:38.933844",0.768877837478474,0.808863480373095,0.501999616622925,5.93774851957957,"times//performance","CLOUD","CNN","32",0.5
466,"2021-08-23 18:05:39.631774",0.767960391331128,0.80794494499976,0.380825996398926,5.94938068389893,"times//performance","CLOUD","CNN","32",0.5
467,"2021-08-23 18:05:40.450523",0.767276106860959,0.807255770460697,0.486100435256958,5.96302649974823,"times//performance","CLOUD","CNN","32",0.5
468,"2021-08-23 18:05:41.163573",0.766357546688145,0.806335660636935,0.376644372940063,5.97491066853205,"times//performance","CLOUD","CNN","32",0.5
469,"2021-08-23 18:05:41.990729",0.765677085563318,0.805656981620707,0.488035202026367,5.9886966029803,"times//performance","CLOUD","CNN","32",0.5
470,"2021-08-23 18:05:42.717492",0.76478388055842,0.804763041151331,0.385504961013794,6.00080931981405,"times//performance","CLOUD","CNN","32",0.5
471,"2021-08-23 18:05:43.433494",0.763881231822279,0.803858028095999,0.378501892089844,6.01274268627167,"times//performance","CLOUD","CNN","32",0.5
472,"2021-08-23 18:05:44.199863",0.763052226123163,0.80303865570133,0.4171142578125,6.02551550070445,"times//performance","CLOUD","CNN","32",0.5
473,"2021-08-23 18:05:44.957387",0.762235737250169,0.802220698390904,0.416144847869873,6.03814090092977,"times//performance","CLOUD","CNN","32",0.5
474,"2021-08-23 18:05:45.774810",0.761533210549173,0.801512738320395,0.466647624969482,6.05176461935043,"times//performance","CLOUD","CNN","32",0.5
475,"2021-08-23 18:05:46.498829",0.760645415657445,0.800620821902626,0.377852439880371,6.06383159955343,"times//performance","CLOUD","CNN","32",0.5
476,"2021-08-23 18:05:47.311152",0.759938778997469,0.799910076526033,0.462306022644043,6.077370317777,"times//performance","CLOUD","CNN","32",0.5
477,"2021-08-23 18:05:48.029251",0.759063270856749,0.79903132560618,0.380745887756348,6.08933863639832,"times//performance","CLOUD","CNN","32",0.5
478,"2021-08-23 18:05:48.853674",0.758410725134686,0.798374013421924,0.484836101531982,6.10307901700338,"times//performance","CLOUD","CNN","32",0.5
479,"2021-08-23 18:05:49.569665",0.757537926413072,0.797498595988327,0.379049062728882,6.11501220067342,"times//performance","CLOUD","CNN","32",0.5
480,"2021-08-23 18:05:50.382587",0.756859567264716,0.796814086039861,0.468933820724487,6.12856090068817,"times//performance","CLOUD","CNN","32",0.5
481,"2021-08-23 18:05:51.114062",0.755991642291729,0.795942889429675,0.377768516540527,6.14075215260188,"times//performance","CLOUD","CNN","32",0.5
482,"2021-08-23 18:05:51.910524",0.755249459219177,0.795211205343982,0.443271160125732,6.15402651627859,"times//performance","CLOUD","CNN","32",0.5
483,"2021-08-23 18:05:52.746101",0.754621152305208,0.794582701617887,0.491643905639648,6.16795279979706,"times//performance","CLOUD","CNN","32",0.5
484,"2021-08-23 18:05:53.458498",0.753773401591403,0.793732943613667,0.383299827575684,6.17982608477275,"times//performance","CLOUD","CNN","32",0.5
485,"2021-08-23 18:05:54.279611",0.753122119805247,0.793081076120593,0.477577209472656,6.19351130326589,"times//performance","CLOUD","CNN","32",0.5
486,"2021-08-23 18:05:55.008060",0.752277709329079,0.792234583156099,0.381685495376587,6.20565211772919,"times//performance","CLOUD","CNN","32",0.5
487,"2021-08-23 18:05:56.104727",0.752221082515051,0.79217565573706,0.763536930084229,6.22392990191778,"times//performance","CLOUD","CNN","32",0.5
488,"2021-08-23 18:05:56.836899",0.751406456603379,0.791361443331984,0.394840002059937,6.23613276878993,"times//performance","CLOUD","CNN","32",0.5
489,"2021-08-23 18:05:57.657930",0.7507609838357,0.790711743699992,0.473658323287964,6.24981661637624,"times//performance","CLOUD","CNN","32",0.5
490,"2021-08-23 18:05:58.381375",0.749931409407635,0.789878593172346,0.382467985153198,6.26187403599421,"times//performance","CLOUD","CNN","32",0.5
491,"2021-08-23 18:05:59.119999",0.749114485719296,0.789061926532909,0.388895273208618,6.27418443361918,"times//performance","CLOUD","CNN","32",0.5
492,"2021-08-23 18:05:59.921502",0.748434248009348,0.788389811186286,0.458381175994873,6.28754281997681,"times//performance","CLOUD","CNN","32",0.5
493,"2021-08-23 18:06:00.633117",0.747613326531153,0.78756471386304,0.381616830825806,6.29940306742986,"times//performance","CLOUD","CNN","32",0.5
494,"2021-08-23 18:06:01.450366",0.746964340267876,0.786917076902351,0.467632055282593,6.31302388509115,"times//performance","CLOUD","CNN","32",0.5
495,"2021-08-23 18:06:02.266088",0.746327097247345,0.786279947107488,0.471537828445435,6.32661925156911,"times//performance","CLOUD","CNN","32",0.5
496,"2021-08-23 18:06:02.995274",0.745510283977755,0.785460131302957,0.379651308059692,6.33877235253652,"times//performance","CLOUD","CNN","32",0.5
497,"2021-08-23 18:06:03.802438",0.744873564487971,0.784818921770368,0.466778993606567,6.35222508509954,"times//performance","CLOUD","CNN","32",0.5
498,"2021-08-23 18:06:04.625777",0.744268979413442,0.784214792002636,0.483962297439575,6.36594740152359,"times//performance","CLOUD","CNN","32",0.5
