imageCounter,currentTime,meanNetworkDelay,meanResponseTime,classificationTime
1,2021-08-23 17:04:58.066086,0.8626816272735596,1.094238042831421,1.094238042831421
2,2021-08-23 17:04:58.586591,0.6078161001205444,0.7426042556762695,0.39097046852111816
3,2021-08-23 17:04:59.886395,0.5496389865875244,0.6525230407714844,0.47236061096191406
4,2021-08-23 17:05:01.141602,0.509038507938385,0.5956857800483704,0.4251739978790283
5,2021-08-23 17:05:02.472412,0.500117015838623,0.5778012752532959,0.506263256072998
6,2021-08-23 17:05:03.818362,0.4956585963567098,0.5667576392491659,0.5115394592285156
7,2021-08-23 17:05:05.135657,0.49093733515058247,0.5572272028241839,0.500044584274292
8,2021-08-23 17:05:06.360095,0.4744766354560852,0.537130206823349,0.3964512348175049
9,2021-08-23 17:05:07.694517,0.4738535351223416,0.5336983468797472,0.5062434673309326
10,2021-08-23 17:05:09.023242,0.4728568077087402,0.5307191610336304,0.5039064884185791
11,2021-08-23 17:05:10.264858,0.46318845315413043,0.5192425467751243,0.4044764041900635
12,2021-08-23 17:05:11.493137,0.4546476403872172,0.5091676115989685,0.3983433246612549
13,2021-08-23 17:05:12.719559,0.4473728400010329,0.5008088808793288,0.40050411224365234
14,2021-08-23 17:05:13.946186,0.4410874673298427,0.49380903584616526,0.40281105041503906
15,2021-08-23 17:05:15.251391,0.4409098784128825,0.492751677831014,0.4779486656188965
16,2021-08-23 17:05:16.469700,0.4360077977180481,0.48698027431964874,0.4004092216491699
17,2021-08-23 17:05:17.697723,0.4319271199843463,0.4821288866155288,0.4045066833496094
18,2021-08-23 17:05:18.896082,0.4273994498782688,0.4770503044128418,0.3907144069671631
19,2021-08-23 17:05:20.120789,0.42375185615138006,0.4727751957742791,0.39582324028015137
20,2021-08-23 17:05:21.411164,0.42352172136306765,0.47198076248168946,0.45688652992248535
21,2021-08-23 17:05:22.637921,0.4204090095701672,0.46841401145571754,0.3970789909362793
22,2021-08-23 17:05:23.871459,0.41809398477727716,0.4656624360518022,0.4078793525695801
23,2021-08-23 17:05:25.201638,0.4198036919469419,0.46696446252905804,0.4956090450286865
24,2021-08-23 17:05:26.453275,0.4179208179314931,0.4649224778016408,0.4179568290710449
25,2021-08-23 17:05:27.761176,0.4192257595062256,0.4658705902099609,0.48862528800964355
26,2021-08-23 17:05:29.093445,0.4209830852655264,0.46731192332047683,0.503345251083374
27,2021-08-23 17:05:30.422918,0.4223263175399215,0.46833546073348437,0.4949474334716797
28,2021-08-23 17:05:31.758948,0.4239733559744699,0.4697515198162624,0.5079851150512695
29,2021-08-23 17:05:33.085782,0.42531543764574775,0.4708218656737229,0.5007915496826172
30,2021-08-23 17:05:34.421437,0.4265044927597046,0.4717851638793945,0.49972081184387207
31,2021-08-23 17:05:35.662639,0.4247092200863746,0.46977782249450684,0.409557580947876
32,2021-08-23 17:05:36.983302,0.42544933408498764,0.47027645260095596,0.4857339859008789
33,2021-08-23 17:05:38.308924,0.42644101200681744,0.47108101122307056,0.4968268871307373
34,2021-08-23 17:05:39.646327,0.4276200532913208,0.4722358829834882,0.5103466510772705
35,2021-08-23 17:05:40.973230,0.4286017349788121,0.47299680709838865,0.4988682270050049
36,2021-08-23 17:05:42.301757,0.42959435118569267,0.4737911621729533,0.5015935897827148
37,2021-08-23 17:05:43.943577,0.43903618245511444,0.4830889121906177,0.8178079128265381
38,2021-08-23 17:05:45.237061,0.43862396792361613,0.4826762550755551,0.4674079418182373
39,2021-08-23 17:05:46.501849,0.4377027536049867,0.4816140884008163,0.4412517547607422
40,2021-08-23 17:05:47.728897,0.4359614133834839,0.47971529364585874,0.40566229820251465
41,2021-08-23 17:05:49.061912,0.43647651556061534,0.4801240665156667,0.4964749813079834
42,2021-08-23 17:05:50.282559,0.434657579376584,0.4781501690546672,0.3972203731536865
43,2021-08-23 17:05:51.604823,0.43486235862554506,0.4783480777296909,0.4866602420806885
44,2021-08-23 17:05:52.941951,0.43368821252476086,0.47917819023132324,0.5148730278015137
45,2021-08-23 17:05:54.183314,0.43444498380025226,0.47977575725979277,0.5060687065124512
46,2021-08-23 17:05:55.410380,0.4328553521114847,0.47805783023004944,0.40075111389160156
47,2021-08-23 17:05:56.739472,0.43336966697205886,0.4784165341803368,0.4949169158935547
48,2021-08-23 17:05:58.072835,0.43407585720221203,0.4789748042821884,0.5052134990692139
49,2021-08-23 17:05:59.295802,0.4325116459204226,0.4772708659269372,0.39548182487487793
50,2021-08-23 17:06:00.533571,0.4312990045547485,0.4759150743484497,0.4094812870025635
51,2021-08-23 17:06:01.759550,0.43009339126886104,0.4745651226417691,0.40706753730773926
52,2021-08-23 17:06:03.087126,0.42988309034934413,0.4742230222775386,0.4567759037017822
53,2021-08-23 17:06:04.442520,0.43073770685015983,0.47506885708503005,0.519052267074585
54,2021-08-23 17:06:05.756318,0.4312858713997735,0.47550283979486535,0.4985039234161377
55,2021-08-23 17:06:07.081637,0.4318832830949263,0.47597769823941316,0.5016200542449951
56,2021-08-23 17:06:08.416354,0.43234339356422424,0.47637053046907696,0.49797630310058594
57,2021-08-23 17:06:09.656404,0.43120344061600535,0.4751340380886145,0.40589046478271484
58,2021-08-23 17:06:10.976445,0.43153752129653405,0.47538125103917617,0.4894723892211914
59,2021-08-23 17:06:12.191804,0.43015345072342176,0.47392938500743803,0.389721155166626
60,2021-08-23 17:06:13.434089,0.42926905552546185,0.472927192846934,0.41379785537719727
61,2021-08-23 17:06:14.761446,0.4296943789622823,0.4732526755723797,0.4927816390991211
62,2021-08-23 17:06:16.099598,0.4303003280393539,0.47378131266563167,0.5060281753540039
63,2021-08-23 17:06:17.322045,0.42917289809575154,0.4727015003325447,0.40575313568115234
64,2021-08-23 17:06:18.556628,0.4285237304866314,0.4719666540622711,0.4256713390350342
65,2021-08-23 17:06:19.896817,0.42911742283747745,0.47250263140751764,0.5068051815032959
66,2021-08-23 17:06:21.228320,0.4295695117025664,0.4729146704529271,0.499697208404541
67,2021-08-23 17:06:22.437080,0.42843007685533213,0.4716927756124468,0.39104771614074707
68,2021-08-23 17:06:23.690356,0.4277614845949061,0.47093458035412955,0.420135498046875
69,2021-08-23 17:06:25.019362,0.4281839978867683,0.47128948958023736,0.4954233169555664
70,2021-08-23 17:06:26.345103,0.42863542011805944,0.4716654470988682,0.4976065158843994
71,2021-08-23 17:06:27.606100,0.42826812032242895,0.4712130989826901,0.4395487308502197
72,2021-08-23 17:06:28.844202,0.4276247521241506,0.4705062641037835,0.420320987701416
73,2021-08-23 17:06:30.128731,0.4278520590638461,0.4707587320510655,0.4889364242553711
74,2021-08-23 17:06:31.342112,0.42696485970471354,0.46980082022177205,0.3998732566833496
75,2021-08-23 17:06:32.584526,0.42628437678019204,0.46909403800964355,0.4167921543121338
76,2021-08-23 17:06:33.810787,0.4255258284117046,0.46829458914305033,0.40833592414855957
77,2021-08-23 17:06:35.037989,0.4248420851571219,0.4675789281919405,0.4131886959075928
78,2021-08-23 17:06:36.268826,0.4241560972653903,0.4668415142939641,0.4100606441497803
79,2021-08-23 17:06:37.495680,0.4234687014471126,0.46609516083439695,0.4078795909881592
80,2021-08-23 17:06:38.724493,0.42281017899513246,0.46536965370178224,0.4080545902252197
81,2021-08-23 17:06:40.027619,0.4230538209279378,0.46556550779460387,0.4812338352203369
82,2021-08-23 17:06:41.249525,0.4222423099889988,0.4647798654509754,0.40114283561706543
83,2021-08-23 17:06:42.457904,0.42144409432468644,0.46392239432737054,0.39360976219177246
84,2021-08-23 17:06:43.670566,0.42066681952703566,0.4631098821049645,0.39567136764526367
85,2021-08-23 17:06:44.890023,0.41999589134665094,0.4623749340281767,0.40063929557800293
86,2021-08-23 17:06:46.212104,0.4203814656235451,0.46271265661993694,0.49141907691955566
87,2021-08-23 17:06:47.446923,0.41989717538329374,0.46217768493740036,0.4161701202392578
88,2021-08-23 17:06:48.651358,0.41923877596855164,0.46148421276699414,0.4011521339416504
89,2021-08-23 17:06:49.971096,0.4195420956343747,0.4617441879229599,0.4846220016479492
90,2021-08-23 17:06:51.219289,0.4191892570919461,0.46137097146775985,0.42815470695495605
91,2021-08-23 17:06:52.449723,0.4186110968118186,0.4607571664747301,0.4055147171020508
92,2021-08-23 17:06:53.786296,0.41906875371932983,0.46124470233917236,0.505610466003418
93,2021-08-23 17:06:55.017927,0.4184864490262924,0.46063463918624387,0.4045088291168213
94,2021-08-23 17:06:56.313131,0.41864784981342074,0.4607499254510758,0.47147154808044434
95,2021-08-23 17:06:57.533935,0.4179675102233887,0.4600281163265831,0.3921780586242676
96,2021-08-23 17:06:58.765850,0.4173520455757777,0.4593865250547727,0.3984353542327881
97,2021-08-23 17:07:00.030572,0.417157330463842,0.45919347055179555,0.4406602382659912
98,2021-08-23 17:07:01.286938,0.4168532575879778,0.45885882085683394,0.42639780044555664
99,2021-08-23 17:07:02.493961,0.4162770955249517,0.4582578919150613,0.3993668556213379
100,2021-08-23 17:07:03.815053,0.4166527652740479,0.45860545873641967,0.4930145740509033
101,2021-08-23 17:07:05.145409,0.4171176641294272,0.45904955533471437,0.5034592151641846
102,2021-08-23 17:07:06.482397,0.417578891211865,0.4595453014560774,0.5096156597137451
103,2021-08-23 17:07:07.790344,0.4177756865047714,0.4597283381860233,0.47839808464050293
104,2021-08-23 17:07:09.100620,0.41805766408260053,0.46001872191062343,0.4899282455444336
105,2021-08-23 17:07:10.366121,0.41810675575619655,0.46003805342174714,0.4620485305786133
106,2021-08-23 17:07:11.702538,0.41856287335449793,0.4604704470004676,0.5058717727661133
107,2021-08-23 17:07:13.032367,0.41899632516308366,0.46089836592986205,0.5062577724456787
108,2021-08-23 17:07:14.358990,0.41935788260565865,0.4612159221260636,0.4951944351196289
109,2021-08-23 17:07:15.617316,0.4190868828274788,0.4609168122667785,0.42861294746398926
110,2021-08-23 17:07:16.884241,0.41888671788302334,0.4606844208457253,0.43535375595092773
111,2021-08-23 17:07:18.096166,0.41831582086580293,0.4600806773245872,0.39366888999938965
112,2021-08-23 17:07:19.393272,0.41829994320869446,0.460088991693088,0.4610118865966797
113,2021-08-23 17:07:20.598798,0.4177906217828261,0.45954260572922967,0.3983473777770996
114,2021-08-23 17:07:21.822493,0.4172665529083787,0.45899145226729543,0.3967111110687256
115,2021-08-23 17:07:23.043610,0.41680441110030464,0.4584983659827191,0.4022865295410156
116,2021-08-23 17:07:24.362518,0.41714084970540016,0.45881426950980875,0.49514317512512207
117,2021-08-23 17:07:25.659963,0.4173862689580673,0.45902375074533314,0.4833235740661621
118,2021-08-23 17:07:27.116194,0.41899929814419506,0.4606027784994093,0.6453490257263184
119,2021-08-23 17:07:28.387207,0.4188000755149777,0.46037224761578216,0.4331696033477783
120,2021-08-23 17:07:29.610119,0.41827605962753295,0.45981861352920533,0.3939361572265625
121,2021-08-23 17:07:30.835504,0.4177843815039012,0.4593039248600479,0.3975412845611572
122,2021-08-23 17:07:32.149471,0.4179331552786905,0.45946968383476383,0.4795265197753906
123,2021-08-23 17:07:33.409364,0.4177262899352283,0.4592318147178588,0.43021178245544434
124,2021-08-23 17:07:34.741455,0.41813581028292257,0.4596215505753794,0.507559061050415
125,2021-08-23 17:07:36.070971,0.41850862884521484,0.45998283767700193,0.5047824382781982
126,2021-08-23 17:07:37.403413,0.4188952124308026,0.4603564739227295,0.5070610046386719
127,2021-08-23 17:07:38.733958,0.4192750435175858,0.4607155679717777,0.5059614181518555
128,2021-08-23 17:07:39.982707,0.418953076004982,0.4603601898998022,0.41522717475891113
129,2021-08-23 17:07:41.297643,0.4191974059555882,0.4605872224467669,0.48964738845825195
130,2021-08-23 17:07:42.622504,0.4195595594552847,0.46091807988973765,0.503598690032959
131,2021-08-23 17:07:43.957271,0.41985971145047485,0.46119560722176356,0.49727416038513184
132,2021-08-23 17:07:45.205814,0.4195526856364626,0.46091871731209033,0.42464613914489746
133,2021-08-23 17:07:46.514682,0.4198468968384248,0.4611849264991015,0.4963245391845703
134,2021-08-23 17:07:47.746132,0.41944013246849404,0.46076054003701283,0.40431714057922363
135,2021-08-23 17:07:49.075230,0.4197801219092475,0.46108371946546767,0.504389762878418
136,2021-08-23 17:07:50.407681,0.4201485567233142,0.46141920545521903,0.5067098140716553
137,2021-08-23 17:07:51.737929,0.4204865859372772,0.461735838521136,0.5047979354858398
138,2021-08-23 17:07:53.072786,0.4207793076833089,0.462011040120885,0.499713659286499
139,2021-08-23 17:07:54.400762,0.4211181736678528,0.46232632252809813,0.5058352947235107
140,2021-08-23 17:07:55.631484,0.42077320984431676,0.4619717972619193,0.4126927852630615
141,2021-08-23 17:07:56.959154,0.42109509900952063,0.46227123044061325,0.5041918754577637
142,2021-08-23 17:07:58.299798,0.4213804711758251,0.4625848666043349,0.5068075656890869
143,2021-08-23 17:07:59.622189,0.42163344196506314,0.4628196562920417,0.49615979194641113
144,2021-08-23 17:08:00.957025,0.4219129333893458,0.4630804856618245,0.5003790855407715
145,2021-08-23 17:08:02.287022,0.4222288181041849,0.4633758232511323,0.5059044361114502
146,2021-08-23 17:08:03.505093,0.421765827152827,0.4628944168352101,0.39309048652648926
147,2021-08-23 17:08:04.732657,0.4213174589637185,0.46242913583508966,0.3944981098175049
148,2021-08-23 17:08:05.970086,0.42091533461132563,0.4620121894656001,0.40072107315063477
149,2021-08-23 17:08:07.300842,0.421157865716307,0.4622402463183307,0.49599266052246094
150,2021-08-23 17:08:08.638143,0.42147075176239013,0.4625407218933105,0.5073115825653076
151,2021-08-23 17:08:09.966109,0.42175512440157253,0.4628256156744546,0.5055596828460693
152,2021-08-23 17:08:11.305721,0.4219980192811866,0.4631018434700213,0.5048122406005859
153,2021-08-23 17:08:12.631635,0.4222656698787914,0.46335452210669426,0.5017616748809814
154,2021-08-23 17:08:13.963950,0.4225119367822424,0.46360476605303874,0.50189208984375
155,2021-08-23 17:08:15.290329,0.4227936221707252,0.4638737094017767,0.5052909851074219
156,2021-08-23 17:08:16.530773,0.4224442702073317,0.46351001048699403,0.4071366786956787
157,2021-08-23 17:08:17.850104,0.42261609605922823,0.4636671284961093,0.4881775379180908
158,2021-08-23 17:08:19.183577,0.4228542349006556,0.46389688721185995,0.4999690055847168
159,2021-08-23 17:08:20.516547,0.42313696003560003,0.46418334103230413,0.5094430446624756
160,2021-08-23 17:08:21.841290,0.4234068304300308,0.46443458199501036,0.5043818950653076
161,2021-08-23 17:08:23.080252,0.4230174722138399,0.464042884222469,0.4013712406158447
162,2021-08-23 17:08:24.415527,0.4232144193884767,0.4642786803068938,0.502241849899292
163,2021-08-23 17:08:25.734001,0.42344109997427537,0.4644851421285992,0.49793195724487305
164,2021-08-23 17:08:26.965309,0.4231299612580276,0.4641547261214838,0.4102969169616699
165,2021-08-23 17:08:28.298470,0.4234003067016602,0.46441405180728795,0.5069434642791748
166,2021-08-23 17:08:29.622059,0.42364353587828485,0.4646348163305995,0.501060962677002
167,2021-08-23 17:08:30.850522,0.42326853946297466,0.4642417216729261,0.3989880084991455
168,2021-08-23 17:08:32.189900,0.4235554678099496,0.4645384337220873,0.5140893459320068
169,2021-08-23 17:08:33.522299,0.4238262359912579,0.4648067739588269,0.5098879337310791
170,2021-08-23 17:08:34.848793,0.4240428658092723,0.46500767259036796,0.4989595413208008
171,2021-08-23 17:08:36.182644,0.42423632270411443,0.46518565897356,0.49544334411621094
172,2021-08-23 17:08:37.514649,0.42447076703226844,0.4654363227445026,0.5082998275756836
173,2021-08-23 17:08:38.841265,0.4246559280880614,0.46560589564328936,0.49477243423461914
174,2021-08-23 17:08:40.175593,0.42490399842974785,0.4658467084511943,0.50750732421875
175,2021-08-23 17:08:41.502377,0.42514346395220076,0.46606956073216027,0.5048458576202393
176,2021-08-23 17:08:42.835187,0.4253609762950377,0.46627922085198487,0.5029697418212891
177,2021-08-23 17:08:44.094336,0.42517767248854127,0.4660781857657567,0.4306960105895996
178,2021-08-23 17:08:45.394217,0.4251669484577822,0.4660481897632727,0.4607388973236084
179,2021-08-23 17:08:46.629081,0.4248062605298431,0.46567800591111846,0.39978528022766113
180,2021-08-23 17:08:47.957565,0.4250238882170783,0.4658846139907837,0.5028674602508545
181,2021-08-23 17:08:49.241322,0.42497488675196526,0.46582583959590007,0.4552464485168457
182,2021-08-23 17:08:50.519010,0.4248960371855851,0.46576548932672857,0.45484209060668945
183,2021-08-23 17:08:51.956669,0.4257656316288182,0.46662071363522056,0.6222715377807617
184,2021-08-23 17:08:53.280557,0.42591669248498004,0.4667575450047203,0.49179768562316895
185,2021-08-23 17:08:54.609656,0.42609619707674595,0.4669198177956246,0.4967780113220215
186,2021-08-23 17:08:55.940937,0.4263009537932693,0.4671110619780838,0.5024912357330322
187,2021-08-23 17:08:57.273207,0.42650973605599635,0.46730850342123265,0.5040326118469238
188,2021-08-23 17:08:58.605232,0.42672269141420405,0.4675051874302803,0.5042850971221924
189,2021-08-23 17:08:59.829838,0.4263604343252838,0.4671335157263216,0.3972592353820801
190,2021-08-23 17:09:01.068246,0.42604111872221295,0.46680475787112585,0.40466952323913574
191,2021-08-23 17:09:02.392342,0.4262124306244376,0.46697503734009427,0.4993281364440918
192,2021-08-23 17:09:03.627278,0.4258694338301818,0.46664835264285404,0.4042515754699707
193,2021-08-23 17:09:04.948226,0.4260150916835805,0.46678034011564107,0.49212193489074707
194,2021-08-23 17:09:06.178514,0.42570932747162493,0.46646042705811175,0.40471720695495605
195,2021-08-23 17:09:07.508742,0.4259159821730394,0.46665430191235663,0.5042660236358643
196,2021-08-23 17:09:08.731033,0.42557595578991636,0.46630872390708145,0.39892101287841797
197,2021-08-23 17:09:10.062872,0.42574852251159356,0.46647484653492266,0.4990348815917969
198,2021-08-23 17:09:11.404161,0.4259441922409366,0.4666640445439502,0.5039360523223877
199,2021-08-23 17:09:12.735602,0.42609991140701065,0.4668083131013803,0.4953734874725342
200,2021-08-23 17:09:13.971488,0.42577605724334716,0.46647372484207156,0.399890661239624
201,2021-08-23 17:09:15.197238,0.42543090398038796,0.4661154865625486,0.394467830657959
202,2021-08-23 17:09:16.502857,0.42548042122680363,0.4661832316087024,0.4797999858856201
203,2021-08-23 17:09:17.758361,0.425276610651627,0.4659804029417743,0.42500901222229004
204,2021-08-23 17:09:18.972219,0.4249338940078137,0.4656340246107064,0.39531922340393066
205,2021-08-23 17:09:20.190811,0.4245960805474258,0.4652910686120754,0.3953280448913574
206,2021-08-23 17:09:21.425287,0.42432546384126235,0.4650120249072325,0.4078080654144287
207,2021-08-23 17:09:22.670224,0.42411923754042474,0.4647959891148811,0.42029261589050293
208,2021-08-23 17:09:24.003584,0.4243600471661641,0.4650279776408122,0.5130496025085449
209,2021-08-23 17:09:25.216969,0.42405203540929765,0.46470926481000546,0.39841699600219727
210,2021-08-23 17:09:26.551045,0.42429622127896266,0.46494574546813966,0.5143702030181885
211,2021-08-23 17:09:27.773734,0.4240033005086167,0.4646497767118481,0.402496337890625
212,2021-08-23 17:09:29.004961,0.4237407288461361,0.46441222361798556,0.4142885208129883
213,2021-08-23 17:09:30.221594,0.42341766558902366,0.46408484911135106,0.394681453704834
214,2021-08-23 17:09:31.443220,0.4231196107151352,0.46376936569392124,0.39657139778137207
215,2021-08-23 17:09:32.707452,0.42301246731780295,0.46365422093591024,0.4390132427215576
216,2021-08-23 17:09:34.033416,0.42320366810869287,0.46383504955856886,0.5027132034301758
217,2021-08-23 17:09:35.262837,0.4229621173049997,0.463580210637387,0.4085350036621094
218,2021-08-23 17:09:36.489911,0.42267567848940507,0.46327843469217284,0.3977930545806885
219,2021-08-23 17:09:37.817542,0.4228795598086701,0.46347645972961704,0.506645917892456
220,2021-08-23 17:09:39.032776,0.4225617842240767,0.46315350424159657,0.3924262523651123
221,2021-08-23 17:09:40.287507,0.4224128938907951,0.4630013601812302,0.42952966690063477
222,2021-08-23 17:09:41.620024,0.42256778210133045,0.46317689912813204,0.5019710063934326
223,2021-08-23 17:09:42.834588,0.4222695998546789,0.4628741634266259,0.39566683769226074
224,2021-08-23 17:09:44.069634,0.4220524462206023,0.4626456009490149,0.41167616844177246
225,2021-08-23 17:09:45.302681,0.42183113839891223,0.4624192767673069,0.41172266006469727
226,2021-08-23 17:09:46.550527,0.42163316021978325,0.4622216509506766,0.4177558422088623
227,2021-08-23 17:09:47.842009,0.4216554427462002,0.4622343384746938,0.4651017189025879
228,2021-08-23 17:09:49.076613,0.4213737929076479,0.4619637016664472,0.400529146194458
229,2021-08-23 17:09:50.318109,0.4212020963560546,0.46178284482664417,0.4205474853515625
230,2021-08-23 17:09:51.651576,0.42138726711273194,0.46196540853251583,0.503772497177124
231,2021-08-23 17:09:52.978380,0.4215801009884128,0.4621478984882305,0.5041205883026123
232,2021-08-23 17:09:54.217138,0.42129430791427347,0.4618828933814476,0.4006667137145996
233,2021-08-23 17:09:55.537622,0.42143574190753724,0.46201291309405806,0.49217748641967773
234,2021-08-23 17:09:56.765399,0.42118667741107124,0.46174979923117876,0.40044426918029785
235,2021-08-23 17:09:57.998449,0.4209144064720641,0.46147282580111887,0.39666104316711426
236,2021-08-23 17:09:59.230308,0.42065605369664855,0.46121274919833166,0.40009474754333496
237,2021-08-23 17:10:00.555652,0.4208098785786689,0.46135388748555245,0.4946625232696533
238,2021-08-23 17:10:01.785784,0.42053424911338744,0.46107166154044016,0.3941841125488281
239,2021-08-23 17:10:03.118742,0.4207205991864703,0.46125257863160457,0.5043108463287354
240,2021-08-23 17:10:04.452468,0.42092047532399496,0.46145098805427553,0.5088708400726318
241,2021-08-23 17:10:05.782084,0.42111450013283375,0.4616414125529562,0.5073432922363281
242,2021-08-23 17:10:07.033131,0.4209287531119733,0.46147397234420146,0.42112088203430176
243,2021-08-23 17:10:08.262213,0.4207020227801162,0.4612443084088863,0.40566563606262207
244,2021-08-23 17:10:09.498777,0.420495942967837,0.4610289130054536,0.4086878299713135
245,2021-08-23 17:10:10.801344,0.42057441205394513,0.46110619817461285,0.4799637794494629
246,2021-08-23 17:10:12.129840,0.4207316743649118,0.46125206908559413,0.496990442276001
247,2021-08-23 17:10:13.362239,0.42051276504269497,0.4610305575706698,0.406538724899292
248,2021-08-23 17:10:14.685195,0.42065258179941484,0.4611597243816622,0.49306392669677734
249,2021-08-23 17:10:15.926554,0.42042636488336155,0.46092840849635114,0.403562068939209
250,2021-08-23 17:10:17.251132,0.42056702136993407,0.46105896282196046,0.49356698989868164
251,2021-08-23 17:10:18.581088,0.42075404512929726,0.46123561631160903,0.5053989887237549
252,2021-08-23 17:10:19.919360,0.4209382751631358,0.4614422264553252,0.5133013725280762
253,2021-08-23 17:10:21.242575,0.42109012980706134,0.46158810566536523,0.498349666595459
254,2021-08-23 17:10:22.574680,0.4212772527078944,0.4617661481767189,0.5068109035491943
255,2021-08-23 17:10:23.792681,0.42102446836583757,0.46151012532851277,0.3964803218841553
256,2021-08-23 17:10:25.015587,0.4207719163969159,0.46126548759639263,0.3988828659057617
257,2021-08-23 17:10:26.232387,0.4205167404872434,0.4610096211563288,0.3955078125
258,2021-08-23 17:10:27.452239,0.42026809204456417,0.46075275794480197,0.39473891258239746
259,2021-08-23 17:10:28.664486,0.4200104728168502,0.46048867104136343,0.39235424995422363
260,2021-08-23 17:10:29.946534,0.4200017580619225,0.4604729358966534,0.45639753341674805
261,2021-08-23 17:10:31.181656,0.4198090253661875,0.460277382898148,0.40943360328674316
262,2021-08-23 17:10:32.419192,0.41963680645891727,0.46012947031559837,0.4215242862701416
263,2021-08-23 17:10:33.630470,0.4194353478942987,0.45991790883894657,0.40448880195617676
264,2021-08-23 17:10:34.850880,0.4192270031481078,0.45970604275212146,0.40398526191711426
265,2021-08-23 17:10:36.068578,0.4190175227399142,0.45948622991453925,0.4014556407928467
266,2021-08-23 17:10:37.289586,0.4188000644956316,0.4592586630269101,0.3989534378051758
267,2021-08-23 17:10:38.559612,0.41875029860364366,0.4592033548748002,0.4444913864135742
268,2021-08-23 17:10:39.793431,0.4185429464525251,0.4589920604406898,0.4025764465332031
269,2021-08-23 17:10:41.010925,0.418338609893969,0.45878445260143635,0.40314555168151855
270,2021-08-23 17:10:42.339621,0.4185018769016972,0.458941713085881,0.5012447834014893
271,2021-08-23 17:10:43.674259,0.41866795515222305,0.45911184712089737,0.5050480365753174
272,2021-08-23 17:10:44.922969,0.4185344883624245,0.4590013298918219,0.42905116081237793
273,2021-08-23 17:10:46.138868,0.4183503079327035,0.4588180767310845,0.40897321701049805
274,2021-08-23 17:10:47.363444,0.4181311974560257,0.4585976252590653,0.39841437339782715
275,2021-08-23 17:10:48.685725,0.4182890709963712,0.4587462563948198,0.49947118759155273
276,2021-08-23 17:10:49.920110,0.41807209667952167,0.45852928749029187,0.3988628387451172
277,2021-08-23 17:10:51.141537,0.41789469305788995,0.45834369607780817,0.4071204662322998
278,2021-08-23 17:10:52.474704,0.4180436700368099,0.4584833392136389,0.4971644878387451
279,2021-08-23 17:10:53.704998,0.41785957138170904,0.4582915220636621,0.4049663543701172
280,2021-08-23 17:10:54.932295,0.4176384661878858,0.45807312301227027,0.3971397876739502
281,2021-08-23 17:10:56.179749,0.41753503690835,0.45796210316152336,0.4268765449523926
282,2021-08-23 17:10:57.497129,0.41765764165431896,0.4580968584574706,0.49596309661865234
283,2021-08-23 17:10:58.756869,0.4176243160301721,0.45805619462218805,0.44658899307250977
284,2021-08-23 17:10:59.975419,0.417402123061704,0.4578296651302929,0.3937218189239502
285,2021-08-23 17:11:01.282600,0.41748179469192237,0.4579096802493982,0.4806339740753174
286,2021-08-23 17:11:02.610771,0.4176444882279509,0.4580626187624631,0.5016500949859619
287,2021-08-23 17:11:03.943560,0.417776407680445,0.45819198711408554,0.4951913356781006
288,2021-08-23 17:11:05.275370,0.4179248594575458,0.45833063539531493,0.4981226921081543
289,2021-08-23 17:11:06.497263,0.4177137328679174,0.45811519243312954,0.39606761932373047
290,2021-08-23 17:11:07.733349,0.41756424328376507,0.4579577955706366,0.41247010231018066
291,2021-08-23 17:11:09.065601,0.4177168071065162,0.4581025613542275,0.500084638595581
292,2021-08-23 17:11:10.405267,0.41786469008824595,0.4582700827350355,0.5070188045501709
293,2021-08-23 17:11:11.726050,0.4180028780328536,0.4584017703150726,0.4968545436859131
294,2021-08-23 17:11:13.062316,0.41815940052473627,0.45855120898914986,0.5023367404937744
295,2021-08-23 17:11:14.298023,0.41798543687594136,0.4583740695048187,0.4062950611114502
296,2021-08-23 17:11:15.622983,0.4181537595955101,0.4585350026955476,0.5060102939605713
297,2021-08-23 17:11:16.851733,0.41799149127921675,0.4583653039001054,0.40813446044921875
298,2021-08-23 17:11:18.178555,0.41813648467095904,0.458503075094031,0.4994211196899414
299,2021-08-23 17:11:19.511543,0.41827224807994423,0.4586354577820437,0.49808549880981445
300,2021-08-23 17:11:20.748358,0.41812300284703574,0.4584809327125549,0.4122779369354248
301,2021-08-23 17:11:22.074279,0.4182775590902943,0.4586285142803509,0.5029029846191406
302,2021-08-23 17:11:23.396965,0.4184108001506881,0.45877414902314445,0.5026102066040039
303,2021-08-23 17:11:24.731578,0.41860349264868807,0.45895914512105507,0.5148279666900635
304,2021-08-23 17:11:26.062748,0.41876008008655746,0.4591110348701477,0.5051336288452148
305,2021-08-23 17:11:27.393138,0.4189206561104196,0.45926524928358736,0.5061464309692383
306,2021-08-23 17:11:28.623292,0.41877268809898227,0.45910954319573694,0.4116191864013672
307,2021-08-23 17:11:29.956296,0.4189311122273001,0.45926703769919924,0.507460355758667
308,2021-08-23 17:11:31.174891,0.4187269706230659,0.4590595503906151,0.39536094665527344
309,2021-08-23 17:11:32.410495,0.4185618520940392,0.4588926872389216,0.407498836517334
310,2021-08-23 17:11:33.741065,0.4186863476230252,0.459013875838249,0.4964611530303955
311,2021-08-23 17:11:34.966220,0.418500727779229,0.45882052547295377,0.3988819122314453
312,2021-08-23 17:11:36.189058,0.4183190656013978,0.4586504827707242,0.40576720237731934
313,2021-08-23 17:11:37.426543,0.4181920400442788,0.45851524112323605,0.4163198471069336
314,2021-08-23 17:11:38.763557,0.41832686002087444,0.4586461061125348,0.4996068477630615
315,2021-08-23 17:11:40.094261,0.4184700186290438,0.45878153074355355,0.5013048648834229
316,2021-08-23 17:11:41.318972,0.41828711576099636,0.4585944617850871,0.39966773986816406
317,2021-08-23 17:11:42.540564,0.41811200120847686,0.45841051877861144,0.4002845287322998
318,2021-08-23 17:11:43.778392,0.4179729478164289,0.4582658743708389,0.4124135971069336
319,2021-08-23 17:11:45.109121,0.418097016205982,0.4583818733131624,0.4952695369720459
320,2021-08-23 17:11:46.444899,0.41828479915857314,0.4585630089044571,0.5163452625274658
321,2021-08-23 17:11:47.771306,0.4184316081050029,0.45870269273300407,0.503401517868042
322,2021-08-23 17:11:49.109804,0.41858478214429773,0.4588723715788089,0.5133392810821533
323,2021-08-23 17:11:50.432267,0.41874040833936754,0.45902357381932873,0.5077106952667236
324,2021-08-23 17:11:51.663046,0.41858557933642543,0.45886345557224606,0.40714526176452637
325,2021-08-23 17:11:52.893595,0.418445506462684,0.4587176432976356,0.41147446632385254
326,2021-08-23 17:11:54.222539,0.4185723000508876,0.45883807667925314,0.49797892570495605
327,2021-08-23 17:11:55.557671,0.4187092533169901,0.4589741047733785,0.503319263458252
328,2021-08-23 17:11:56.888780,0.4188446911369882,0.459103071108097,0.5012750625610352
329,2021-08-23 17:11:58.232492,0.41901536987907617,0.45926595458868424,0.5126917362213135
330,2021-08-23 17:11:59.548719,0.41914451339028097,0.4593902855208426,0.5002951622009277
331,2021-08-23 17:12:00.780729,0.41896200684262186,0.4592069059700404,0.39869165420532227
332,2021-08-23 17:12:02.113468,0.4190963442067066,0.4593519525355603,0.5073623657226562
333,2021-08-23 17:12:03.437236,0.4192338383591569,0.45947993625033723,0.5019705295562744
334,2021-08-23 17:12:04.773638,0.41935332449610363,0.4595992679367522,0.49933671951293945
335,2021-08-23 17:12:06.086024,0.41941967651025575,0.4596629776171784,0.4809420108795166
336,2021-08-23 17:12:07.329153,0.4192762232962109,0.4595124054522741,0.4090707302093506
337,2021-08-23 17:12:08.661980,0.41938540136071273,0.459619321879718,0.4955432415008545
338,2021-08-23 17:12:09.992414,0.41950764035332133,0.4597336216085761,0.49825263023376465
339,2021-08-23 17:12:11.217373,0.4193318551268901,0.45954970483582985,0.397385835647583
340,2021-08-23 17:12:12.549472,0.41946950169170605,0.4596799065085018,0.5038182735443115
341,2021-08-23 17:12:13.886273,0.4196015033554122,0.4598142450506037,0.5054893493652344
342,2021-08-23 17:12:15.224452,0.4197358903829117,0.459965673803586,0.5116028785705566
343,2021-08-23 17:12:16.548009,0.41987994391438566,0.46010318719958426,0.5071327686309814
344,2021-08-23 17:12:17.878023,0.41998461166093515,0.4602069189382154,0.4957869052886963
345,2021-08-23 17:12:19.210494,0.42009037543034206,0.4603081627168517,0.495136022567749
346,2021-08-23 17:12:20.537852,0.42020963657798105,0.46042037216914183,0.4991326332092285
347,2021-08-23 17:12:21.870384,0.4203283120300996,0.4605340449198522,0.4998648166656494
348,2021-08-23 17:12:23.096217,0.4201762032234806,0.4603738921812211,0.4048008918762207
349,2021-08-23 17:12:24.447626,0.42032539332152097,0.46051842845271856,0.5108170509338379
350,2021-08-23 17:12:25.760166,0.4204246391568865,0.46060993535178046,0.49254584312438965
351,2021-08-23 17:12:27.092815,0.4205251874407472,0.4607031365745088,0.49332356452941895
352,2021-08-23 17:12:28.336594,0.4204015752131289,0.4605916501446204,0.4214599132537842
353,2021-08-23 17:12:29.651220,0.42046331008500487,0.46064661852698824,0.4799954891204834
354,2021-08-23 17:12:30.984148,0.42056598703740006,0.46074489887151343,0.4954378604888916
355,2021-08-23 17:12:32.318329,0.4206713098875234,0.4608477169359234,0.49724531173706055
356,2021-08-23 17:12:33.646121,0.4207689052217462,0.46094257644053255,0.4946177005767822
357,2021-08-23 17:12:34.979921,0.4208649714119962,0.46103740539871346,0.4947965145111084
358,2021-08-23 17:12:36.308672,0.4209564198328796,0.4611252972533583,0.49250268936157227
359,2021-08-23 17:12:37.637324,0.4210492707892713,0.4612090282121409,0.49118471145629883
360,2021-08-23 17:12:38.993572,0.42119858000013566,0.4613565060827467,0.514301061630249
361,2021-08-23 17:12:40.302561,0.42130824535507244,0.4614638648204856,0.5001130104064941
362,2021-08-23 17:12:41.641366,0.4214199840693184,0.46159009841265597,0.5071604251861572
363,2021-08-23 17:12:42.972299,0.42155053398825904,0.4617200639950671,0.5087676048278809
364,2021-08-23 17:12:44.190117,0.4213676485386524,0.46153331654412405,0.39374399185180664
365,2021-08-23 17:12:45.529953,0.42147810426476884,0.46164034621356287,0.5005991458892822
366,2021-08-23 17:12:46.758330,0.4213213256148041,0.46147829131350493,0.4023282527923584
367,2021-08-23 17:12:47.985352,0.4211638324592029,0.46131655305867625,0.40212035179138184
368,2021-08-23 17:12:49.313944,0.4212759227856346,0.46142291050890216,0.5004560947418213
369,2021-08-23 17:12:50.645399,0.4213656758874412,0.4615093356548609,0.4933137893676758
370,2021-08-23 17:12:51.974333,0.4214685066326245,0.4616085065377725,0.4982025623321533
371,2021-08-23 17:12:53.202558,0.42128955707395815,0.4614287277437606,0.3949105739593506
372,2021-08-23 17:12:54.449976,0.42116307891825194,0.4613136572222556,0.4186224937438965
373,2021-08-23 17:12:55.866568,0.4215175076400307,0.46166388215072673,0.5919475555419922
374,2021-08-23 17:12:57.102021,0.42134923284704034,0.4614908784468544,0.3969604969024658
375,2021-08-23 17:12:58.430478,0.4214532616933187,0.46159191385904946,0.49937915802001953
376,2021-08-23 17:12:59.785795,0.42161173642949856,0.46174679728264506,0.5198280811309814
377,2021-08-23 17:13:01.090364,0.421621769113313,0.4617518524908577,0.4636526107788086
378,2021-08-23 17:13:02.417585,0.4217000720362184,0.46182325466600044,0.4887418746948242
379,2021-08-23 17:13:03.757355,0.42178278611014575,0.46191692478109475,0.49732422828674316
380,2021-08-23 17:13:05.084676,0.42188753203341833,0.4620182363610519,0.5004153251647949
381,2021-08-23 17:13:06.316606,0.4217503496355272,0.46187771336613054,0.4084789752960205
382,2021-08-23 17:13:07.549140,0.42160262487321626,0.46174588690253454,0.41152000427246094
383,2021-08-23 17:13:08.771054,0.42145494568130054,0.4615993593131282,0.4056258201599121
384,2021-08-23 17:13:10.142535,0.42168440110981464,0.4618243556469679,0.5479979515075684
385,2021-08-23 17:13:11.323115,0.4215217701800458,0.461656987202632,0.3973875045776367
386,2021-08-23 17:13:12.573483,0.42143603310066186,0.46156563721790217,0.42639589309692383
387,2021-08-23 17:13:13.774770,0.4212585758485227,0.4613847104153892,0.39154696464538574
388,2021-08-23 17:13:15.015532,0.42114836161898583,0.4612695242940765,0.41669249534606934
389,2021-08-23 17:13:16.248750,0.4210163603098656,0.4611307563389481,0.4072887897491455
390,2021-08-23 17:13:17.469833,0.420849138039809,0.4609577050575843,0.39364075660705566
391,2021-08-23 17:13:18.809393,0.4209651178716089,0.4610719095410593,0.5056116580963135
392,2021-08-23 17:13:20.044886,0.42079666013620337,0.4609158440512054,0.39989423751831055
393,2021-08-23 17:13:21.264775,0.42063577969868976,0.46074991311129115,0.395704984664917
394,2021-08-23 17:13:22.470532,0.4204483982270139,0.46055781357179437,0.38506269454956055
395,2021-08-23 17:13:23.689465,0.42025778565225724,0.4603645910190631,0.3842349052429199
396,2021-08-23 17:13:24.918125,0.4200904706511835,0.46019177906440967,0.39193105697631836
397,2021-08-23 17:13:26.181211,0.41999069749558304,0.460096073390855,0.422196626663208
398,2021-08-23 17:13:27.410265,0.41983544227465913,0.4599333210806152,0.3953206539154053
399,2021-08-23 17:13:28.741459,0.4199514741586862,0.46004752228433327,0.5054996013641357
400,2021-08-23 17:13:29.961428,0.4197755825519562,0.4598666095733643,0.3876824378967285
401,2021-08-23 17:13:31.177993,0.41958685408803886,0.4596733791275215,0.3823812007904053
402,2021-08-23 17:13:32.417096,0.419415010148613,0.4595114567979651,0.394580602645874
403,2021-08-23 17:13:33.810820,0.4196513971087359,0.45974725470057787,0.5545380115509033
404,2021-08-23 17:13:35.086797,0.4197253720595105,0.4598171923420217,0.48800206184387207
405,2021-08-23 17:13:36.308059,0.4195502993501263,0.4596374882592095,0.3870370388031006
406,2021-08-23 17:13:37.645697,0.41964244255291416,0.4597265925900689,0.49581384658813477
407,2021-08-23 17:13:38.977163,0.4197390026776738,0.4598149116853531,0.49567246437072754
408,2021-08-23 17:13:40.360519,0.4199403430901322,0.46000872172561347,0.5388894081115723
409,2021-08-23 17:13:41.536320,0.41979303628133385,0.459859357777901,0.39891886711120605
410,2021-08-23 17:13:42.893818,0.41993700876468565,0.4600091910943752,0.5212910175323486
411,2021-08-23 17:13:44.102193,0.41978537253219717,0.4598542895630328,0.3963446617126465
412,2021-08-23 17:13:45.437620,0.41987398179989416,0.459954582371758,0.5011749267578125
413,2021-08-23 17:13:46.766982,0.41997278515998154,0.4600520439933056,0.5002062320709229
414,2021-08-23 17:13:48.094166,0.42006609635652553,0.46013814182097207,0.4956965446472168
415,2021-08-23 17:13:49.317837,0.41989749828016903,0.4599679487297334,0.3895080089569092
416,2021-08-23 17:13:50.652560,0.41998882820973027,0.4600538473862868,0.49570178985595703
417,2021-08-23 17:13:51.983376,0.4200525609709376,0.46011774088267227,0.4866974353790283
418,2021-08-23 17:13:53.313015,0.4201370779977461,0.46019667244413826,0.49311113357543945
419,2021-08-23 17:13:54.535586,0.41998067676025247,0.46003625045812785,0.39297986030578613
420,2021-08-23 17:13:55.772323,0.41985226642517814,0.45990229277383715,0.4037740230560303
421,2021-08-23 17:13:57.103241,0.4199146663774504,0.4599670316147974,0.48715734481811523
422,2021-08-23 17:13:58.438062,0.4199828852974408,0.46004225066487825,0.49170947074890137
423,2021-08-23 17:13:59.763968,0.4200655517848671,0.4601174888881386,0.4918680191040039
424,2021-08-23 17:14:01.096592,0.4201302472150551,0.4601786440273501,0.48604726791381836
425,2021-08-23 17:14:02.433171,0.4202018563887652,0.4602485516492058,0.48988938331604004
426,2021-08-23 17:14:03.761661,0.42027028289759105,0.46031392180304015,0.4880962371826172
427,2021-08-23 17:14:05.095067,0.42036160596360644,0.46040140382020756,0.4976687431335449
428,2021-08-23 17:14:06.325830,0.4201967927897088,0.4602345345176269,0.38898134231567383
429,2021-08-23 17:14:07.649634,0.4202687801458897,0.4603019666560602,0.4891629219055176
430,2021-08-23 17:14:08.931628,0.420225807123406,0.4602557492810626,0.4404284954071045
431,2021-08-23 17:14:10.210460,0.4201654043662299,0.4601915092866548,0.4325683116912842
432,2021-08-23 17:14:11.546993,0.4202343275149663,0.4602711934734274,0.4946150779724121
433,2021-08-23 17:14:12.874462,0.4202925767964634,0.4603254194898363,0.4837510585784912
434,2021-08-23 17:14:14.205768,0.42037269322004184,0.46040421916592505,0.4945244789123535
435,2021-08-23 17:14:15.430225,0.42021360506956607,0.4602398488713407,0.3889031410217285
436,2021-08-23 17:14:16.762053,0.42028953996273355,0.46030980075171235,0.4907388687133789
437,2021-08-23 17:14:18.100822,0.42035969171153054,0.46037706685011665,0.48970508575439453
438,2021-08-23 17:14:19.315789,0.420181978238772,0.4601973197231554,0.38164782524108887
439,2021-08-23 17:14:20.555540,0.42005937843496544,0.4600711602013312,0.404813289642334
440,2021-08-23 17:14:22.192200,0.42073566317558286,0.46074164563959297,0.755084753036499
441,2021-08-23 17:14:23.409044,0.42055212937785386,0.4605547841173721,0.37833571434020996
442,2021-08-23 17:14:24.759017,0.4206279429914725,0.4606425681265231,0.4993553161621094
443,2021-08-23 17:14:26.086453,0.4206905386517871,0.4607036452799295,0.4876997470855713
444,2021-08-23 17:14:27.415271,0.42076611679953496,0.4607767779547889,0.49317455291748047
445,2021-08-23 17:14:28.743386,0.42081846226467173,0.46082428117816365,0.4819157123565674
446,2021-08-23 17:14:29.978908,0.4206484871594895,0.46065351193261256,0.3846611976623535
447,2021-08-23 17:14:31.302528,0.4206879661653933,0.46068980496468426,0.47687649726867676
448,2021-08-23 17:14:32.635538,0.4207452844296183,0.4607434192938464,0.4847090244293213
449,2021-08-23 17:14:33.986015,0.42085712258693636,0.4608560973127063,0.5113358497619629
450,2021-08-23 17:14:35.295390,0.42089997397528756,0.46089359548356795,0.47773027420043945
451,2021-08-23 17:14:36.657173,0.4210094829356327,0.46100197081555283,0.5097708702087402
452,2021-08-23 17:14:37.970478,0.42103614532842043,0.46103664045840237,0.4766726493835449
453,2021-08-23 17:14:39.289508,0.42108563397893845,0.4610808248288321,0.4810521602630615
454,2021-08-23 17:14:40.625095,0.4211392129570377,0.4611302966063243,0.48354101181030273
455,2021-08-23 17:14:41.952352,0.42119943178617036,0.4611883724128807,0.48755478858947754
456,2021-08-23 17:14:43.188640,0.42103610122412966,0.4610220836965661,0.3853607177734375
457,2021-08-23 17:14:44.419515,0.4208636539509312,0.4608486022156229,0.3817410469055176
458,2021-08-23 17:14:45.639100,0.42069046153772344,0.4606697663469606,0.37894177436828613
459,2021-08-23 17:14:46.865841,0.42052708783700316,0.46050065171484855,0.38304615020751953
460,2021-08-23 17:14:48.200950,0.4205834554589313,0.4605522741442141,0.48424696922302246
461,2021-08-23 17:14:49.533027,0.42065308668091084,0.46061842353638754,0.4910471439361572
462,2021-08-23 17:14:50.873278,0.42070782081389324,0.46068492802706634,0.49134349822998047
463,2021-08-23 17:14:52.199105,0.4207692259588715,0.4607408247550157,0.48656511306762695
464,2021-08-23 17:14:53.530619,0.42084745189239237,0.46081744237192745,0.4962913990020752
465,2021-08-23 17:14:54.858884,0.42089492326141686,0.46086320877075193,0.4820988178253174
466,2021-08-23 17:14:56.097069,0.42074279212133053,0.4607097278848738,0.3893411159515381
467,2021-08-23 17:14:57.415937,0.4207716100476283,0.4607333350743165,0.47173428535461426
468,2021-08-23 17:14:58.747115,0.42083278578570765,0.46078918071893543,0.48686909675598145
469,2021-08-23 17:15:00.081015,0.4209003280729119,0.46085749760365435,0.4928297996520996
470,2021-08-23 17:15:01.313178,0.42075475023147907,0.4607111169936809,0.3920586109161377
471,2021-08-23 17:15:02.640319,0.4208174045425059,0.460772136720629,0.48945140838623047
472,2021-08-23 17:15:03.975887,0.4208615583888555,0.4608273329371113,0.48682475090026855
473,2021-08-23 17:15:05.299732,0.4208989778482385,0.4608605593505924,0.4765434265136719
474,2021-08-23 17:15:06.637279,0.4209717185185428,0.46092959999535155,0.49358582496643066
475,2021-08-23 17:15:07.968909,0.42103857241178816,0.46099622324893347,0.49257564544677734
476,2021-08-23 17:15:09.293552,0.421080561245189,0.4610336427929021,0.4788079261779785
477,2021-08-23 17:15:10.639586,0.42115152906821707,0.4611021542699082,0.4937136173248291
478,2021-08-23 17:15:11.955492,0.42119449801026027,0.46114118228896395,0.47975754737854004
479,2021-08-23 17:15:13.291184,0.4212444052566815,0.46118446232630467,0.4818723201751709
480,2021-08-23 17:15:14.615813,0.4212989221016566,0.4612328842282295,0.48442697525024414
481,2021-08-23 17:15:15.850538,0.42113951536325306,0.46106859254737903,0.38220858573913574
482,2021-08-23 17:15:17.187457,0.42116972222862403,0.4611112720244158,0.481640100479126
483,2021-08-23 17:15:18.412773,0.4210115890818847,0.4609526220562542,0.38448333740234375
484,2021-08-23 17:15:19.739834,0.42104780427680527,0.4609867669334096,0.4774787425994873
485,2021-08-23 17:15:20.970758,0.42087314104296497,0.460815717264549,0.37802767753601074
486,2021-08-23 17:15:22.303751,0.42094149265760256,0.4608813352545593,0.4927060604095459
487,2021-08-23 17:15:23.632447,0.4209861735788459,0.46092161946228155,0.4804997444152832
488,2021-08-23 17:15:24.966472,0.4210343087305788,0.4609679545535416,0.4835331439971924
489,2021-08-23 17:15:26.314240,0.4211138284523307,0.4610448887986883,0.49858880043029785
490,2021-08-23 17:15:27.627387,0.4211616593964246,0.4610887031165921,0.4825139045715332
491,2021-08-23 17:15:28.846567,0.42099611822310873,0.46092081749754865,0.37865686416625977
492,2021-08-23 17:15:30.194317,0.4210563776938896,0.4609922766685486,0.4960787296295166
493,2021-08-23 17:15:31.514274,0.42110600577890267,0.4610387437483844,0.4839005470275879
494,2021-08-23 17:15:32.745038,0.42095413043914054,0.4608842409574069,0.38471436500549316
495,2021-08-23 17:15:34.076211,0.42101197290902187,0.46093809917719675,0.48754405975341797
496,2021-08-23 17:15:35.404808,0.42104941702658133,0.46097093964776686,0.47722697257995605
497,2021-08-23 17:15:36.736003,0.42109977887190086,0.46101709438761473,0.48390984535217285
498,2021-08-23 17:15:38.070698,0.4211520780042472,0.46106692538203964,0.48583292961120605
499,2021-08-23 17:15:39.294532,0.4210086752752025,0.4609191713925593,0.38733768463134766
500,2021-08-23 17:15:40.528974,0.4208885440826416,0.46079636001586916,0.39951348304748535
501,2021-08-23 17:15:41.859407,0.42094689976431415,0.46085032112822083,0.48783087730407715
502,2021-08-23 17:15:43.085865,0.4207919327861284,0.4607067431111735,0.38877415657043457
503,2021-08-23 17:15:44.306609,0.42063240549910375,0.46055028026194034,0.3820059299468994
504,2021-08-23 17:15:45.782128,0.42097896952477715,0.4608941139682891,0.6338424682617188
505,2021-08-23 17:15:46.993496,0.4208091419522125,0.46072464083681014,0.37531018257141113
506,2021-08-23 17:15:48.226471,0.4206574297705187,0.46056958055307745,0.3822641372680664
507,2021-08-23 17:15:49.501356,0.4205910552888227,0.4605002469094782,0.425417423248291
508,2021-08-23 17:15:50.768407,0.42052486750084583,0.460429331918401,0.42447543144226074
509,2021-08-23 17:15:52.099676,0.42056671622225716,0.4604675395081226,0.4798769950866699
510,2021-08-23 17:15:53.430349,0.4206281867681765,0.46052505502513813,0.48980045318603516
511,2021-08-23 17:15:54.651261,0.4204686028616769,0.46036169580284164,0.3770484924316406
512,2021-08-23 17:15:55.995743,0.4205171815119684,0.4604212548583746,0.4908559322357178
513,2021-08-23 17:15:57.321600,0.4205678861740737,0.46047125689932245,0.486072301864624
514,2021-08-23 17:15:58.669814,0.420648214881986,0.46055167287240234,0.5018050670623779
515,2021-08-23 17:15:59.989034,0.42068287053154513,0.46059196111067985,0.48130011558532715
516,2021-08-23 17:16:01.210300,0.42052120432373163,0.4604329794876335,0.3785574436187744
517,2021-08-23 17:16:02.546591,0.4205677956630921,0.46047839666473567,0.4839136600494385
518,2021-08-23 17:16:03.873433,0.42061338599584275,0.46052121793901596,0.48265981674194336
519,2021-08-23 17:16:05.107407,0.4204631044685496,0.46036800483747714,0.38100361824035645
520,2021-08-23 17:16:06.437828,0.42052997671640835,0.46043245838238644,0.4938838481903076
521,2021-08-23 17:16:07.778888,0.42059567473442677,0.4604972022051088,0.49416399002075195
522,2021-08-23 17:16:09.028664,0.420463432297396,0.46037692037122,0.39771008491516113
523,2021-08-23 17:16:10.265136,0.42034457245018925,0.46025592692723466,0.3970973491668701
524,2021-08-23 17:16:11.564886,0.4203245653450944,0.46023437403540574,0.4489622116088867
525,2021-08-23 17:16:12.888472,0.42035810515994115,0.4602671773093087,0.47745609283447266
526,2021-08-23 17:16:14.222535,0.4204016370918361,0.46030760038034996,0.48152971267700195
527,2021-08-23 17:16:15.646028,0.420640267276221,0.46054287472531286,0.5842971801757812
528,2021-08-23 17:16:16.983916,0.42068703021063947,0.46058711183793616,0.4839000701904297
529,2021-08-23 17:16:18.195468,0.4205310250049728,0.4604262534972625,0.37549304962158203
530,2021-08-23 17:16:19.446458,0.4204025385514745,0.46030306456223974,0.39513611793518066
531,2021-08-23 17:16:20.774986,0.4204550781716959,0.46035403406103675,0.4873678684234619
532,2021-08-23 17:16:22.010230,0.4203117243329385,0.460223939185752,0.3911435604095459
533,2021-08-23 17:16:23.332424,0.420342021319477,0.46025327177924463,0.475858211517334
534,2021-08-23 17:16:24.663798,0.4203765838780207,0.4602858618404088,0.47765636444091797
535,2021-08-23 17:16:25.993667,0.42041048869908415,0.4603171562480035,0.47702836990356445
536,2021-08-23 17:16:27.459463,0.4207128046163872,0.46061497481901253,0.6199479103088379
537,2021-08-23 17:16:28.769524,0.4207178924780762,0.4606202834145317,0.46346569061279297
538,2021-08-23 17:16:30.090921,0.4207328114810929,0.46063421650003766,0.46811628341674805
539,2021-08-23 17:16:31.423992,0.42077290060789996,0.46067347066521863,0.4817922115325928
540,2021-08-23 17:16:32.754385,0.4208234190940857,0.46072034217693186,0.48598408699035645
541,2021-08-23 17:16:33.989218,0.42067958246537807,0.4605773663124183,0.38337039947509766
542,2021-08-23 17:16:35.317234,0.4207212661025269,0.46062837007740765,0.4882214069366455
543,2021-08-23 17:16:36.647912,0.4207678565662869,0.46068081803084737,0.489107608795166
544,2021-08-23 17:16:37.919053,0.42068008421098485,0.4605989403584424,0.4161393642425537
545,2021-08-23 17:16:39.203392,0.42064598809688464,0.4605624181414963,0.44069433212280273
546,2021-08-23 17:16:40.536323,0.4206779924504486,0.460589675676255,0.475445032119751
547,2021-08-23 17:16:41.868597,0.42071074280050164,0.46062232632959565,0.47844958305358887
548,2021-08-23 17:16:43.102058,0.4205724327233586,0.46048499545911803,0.38536500930786133
549,2021-08-23 17:16:44.428822,0.4206336565139298,0.4605432134291296,0.4924466609954834
550,2021-08-23 17:16:45.755533,0.4206627048145641,0.46056743881919165,0.47386717796325684
551,2021-08-23 17:16:47.086622,0.4206940431127531,0.4605942512380666,0.4753410816192627
552,2021-08-23 17:16:48.324768,0.4205683642539425,0.4604760931021925,0.3953709602355957
553,2021-08-23 17:16:49.650713,0.4206128784372837,0.46052351049661205,0.4866979122161865
554,2021-08-23 17:16:50.885130,0.42046731043378366,0.4603772029979995,0.3794691562652588
555,2021-08-23 17:16:52.208305,0.4204903834574931,0.4603969402141399,0.4713313579559326
556,2021-08-23 17:16:53.438084,0.42033716757520495,0.46024051501596575,0.3734245300292969
557,2021-08-23 17:16:54.658581,0.4201972600159568,0.46009729195325977,0.3804652690887451
558,2021-08-23 17:16:55.991313,0.4202346882939766,0.46013373243338745,0.48043107986450195
559,2021-08-23 17:16:57.226559,0.4200859121005309,0.4599858021266985,0.3774406909942627
560,2021-08-23 17:16:58.558614,0.4201446993010385,0.46003986299037936,0.49025988578796387
561,2021-08-23 17:16:59.769883,0.41999113963462026,0.45988251266207497,0.3717663288116455
562,2021-08-23 17:17:00.997661,0.41984397363832415,0.4597461495110997,0.38324642181396484
563,2021-08-23 17:17:02.224863,0.4197270594947503,0.4596283393473651,0.3934190273284912
564,2021-08-23 17:17:03.442235,0.41957862791440165,0.4594792478473474,0.37554073333740234
565,2021-08-23 17:17:04.701965,0.4194935971656732,0.45939406673465155,0.41135191917419434
566,2021-08-23 17:17:06.341242,0.4200794477766057,0.45997706192542304,0.7893693447113037
567,2021-08-23 17:17:07.614662,0.4200259949584907,0.4599209870400673,0.42818260192871094
568,2021-08-23 17:17:08.890823,0.4199823779119572,0.4598732813143394,0.43282413482666016
569,2021-08-23 17:17:10.234642,0.4200339589680435,0.45992060160175985,0.4867985248565674
570,2021-08-23 17:17:11.563549,0.42006246918126156,0.4599485581381279,0.47585582733154297
571,2021-08-23 17:17:12.922152,0.4201468648927224,0.46003530363694173,0.5094802379608154
572,2021-08-23 17:17:14.233618,0.42018951027543394,0.46008588217355156,0.4889662265777588
573,2021-08-23 17:17:15.558269,0.42021774621534097,0.4601122642270766,0.4752027988433838
574,2021-08-23 17:17:16.886226,0.42024650100216215,0.4601372958060341,0.47448039054870605
575,2021-08-23 17:17:18.216740,0.42027082526165505,0.46015931087991463,0.4727959632873535
576,2021-08-23 17:17:19.446355,0.42013220737377804,0.4600195433530543,0.3796532154083252
577,2021-08-23 17:17:20.778951,0.4201688915232852,0.4600526501442365,0.4791221618652344
578,2021-08-23 17:17:22.040846,0.42008618417495674,0.459968245565685,0.4112668037414551
579,2021-08-23 17:17:23.252082,0.41993457459826955,0.45981424089540474,0.37079954147338867
580,2021-08-23 17:17:24.569347,0.4199371720182485,0.45981365318956047,0.4594733715057373
581,2021-08-23 17:17:25.896853,0.41995818807828444,0.45983431384403406,0.4718174934387207
582,2021-08-23 17:17:27.240784,0.41999021346626414,0.45987670937764275,0.4845085144042969
583,2021-08-23 17:17:28.563990,0.4200209728849486,0.4599048048513422,0.4762563705444336
584,2021-08-23 17:17:29.896615,0.4200530325713223,0.459934751873147,0.47739386558532715
585,2021-08-23 17:17:31.223322,0.42007507625808066,0.4599563060662685,0.47254395484924316
586,2021-08-23 17:17:32.554160,0.42011620200941585,0.45999375789238733,0.481903076171875
587,2021-08-23 17:17:33.885446,0.42015323525189946,0.46003222587364495,0.482574462890625
588,2021-08-23 17:17:35.237839,0.4202124918399214,0.4600909603696291,0.4945681095123291
589,2021-08-23 17:17:36.548457,0.4202360285158271,0.4601128158018828,0.472963809967041
590,2021-08-23 17:17:37.877557,0.4202569351357929,0.46013036137920316,0.47046470642089844
591,2021-08-23 17:17:39.218314,0.4202889625594499,0.4601648156412967,0.48049283027648926
592,2021-08-23 17:17:40.546514,0.4203122822014061,0.4601973399922654,0.4794192314147949
593,2021-08-23 17:17:41.772441,0.42017565408806373,0.46005864328316853,0.37795019149780273
594,2021-08-23 17:17:43.100916,0.42021091658659654,0.4600912196066243,0.47940897941589355
595,2021-08-23 17:17:44.433846,0.42023323323546335,0.46011071966475797,0.471693754196167
596,2021-08-23 17:17:45.762530,0.42024941132372656,0.46012404461034995,0.46805238723754883
597,2021-08-23 17:17:46.973946,0.4201019736789978,0.4599766032380275,0.3721015453338623
598,2021-08-23 17:17:48.221573,0.41998948700053235,0.45986222263961335,0.39157700538635254
599,2021-08-23 17:17:49.448092,0.4198503243505258,0.45972271912882046,0.3762996196746826
600,2021-08-23 17:17:51.088599,0.42039348085721334,0.46026323676109315,0.7840332984924316
601,2021-08-23 17:17:52.309845,0.42024118055321413,0.46011415495848695,0.3706650733947754
602,2021-08-23 17:17:53.522215,0.4200876959138534,0.45996929125928404,0.3729062080383301
603,2021-08-23 17:17:54.772140,0.4199966518440057,0.45987598061759277,0.403702974319458
604,2021-08-23 17:17:56.105524,0.42002912428205375,0.4599076158163563,0.47898364067077637
605,2021-08-23 17:17:57.333474,0.41988384900999465,0.45976165661141893,0.37160229682922363
606,2021-08-23 17:17:58.559013,0.4197327469048327,0.4596069854478238,0.3660309314727783
607,2021-08-23 17:17:59.785603,0.41958634150283536,0.45946111789056066,0.3710653781890869
608,2021-08-23 17:18:00.996259,0.4194353869871089,0.45931026025822286,0.3677396774291992
609,2021-08-23 17:18:02.221997,0.41929598277425534,0.4591680152467123,0.372683048248291
610,2021-08-23 17:18:03.437995,0.41914803200080747,0.45901708524735246,0.36710071563720703
611,2021-08-23 17:18:04.711435,0.41906874698819974,0.45893937905369336,0.41153860092163086
612,2021-08-23 17:18:06.048167,0.4191055948438208,0.45898736730899686,0.4883081912994385
613,2021-08-23 17:18:07.370559,0.41912556044623667,0.45900795471415434,0.4716074466705322
614,2021-08-23 17:18:08.585411,0.4189861744933486,0.45886462985110205,0.37100648880004883
615,2021-08-23 17:18:09.829151,0.4188727340077966,0.4587530861055948,0.39026522636413574
616,2021-08-23 17:18:11.160812,0.4188975053174155,0.4587758504725122,0.472775936126709
617,2021-08-23 17:18:12.390399,0.4187573177115071,0.4586349704470395,0.3718528747558594
618,2021-08-23 17:18:13.618547,0.4186202557727357,0.4584955470847466,0.37247133255004883
619,2021-08-23 17:18:14.956142,0.41866686733165737,0.45854009179961125,0.4860687255859375
620,2021-08-23 17:18:16.174932,0.41852055441948677,0.4583935203090791,0.36766576766967773
621,2021-08-23 17:18:17.545379,0.41859975145250894,0.4584749293980007,0.508948564529419
622,2021-08-23 17:18:18.843390,0.41860562965417597,0.45848734087499393,0.46619486808776855
623,2021-08-23 17:18:20.072908,0.4184715303907808,0.45835115630209544,0.3736443519592285
624,2021-08-23 17:18:21.402348,0.418503857193849,0.45838062159526044,0.47673749923706055
625,2021-08-23 17:18:22.637078,0.4183767978668213,0.4582522121429443,0.3781247138977051
626,2021-08-23 17:18:23.854451,0.4182327444941853,0.4581058714717341,0.36664295196533203
627,2021-08-23 17:18:25.079246,0.4180910469432387,0.4579618840316456,0.3678257465362549
628,2021-08-23 17:18:26.324103,0.4179741147976772,0.4578437877308791,0.38379740715026855
629,2021-08-23 17:18:27.566587,0.417865214552523,0.4577325622303876,0.38788294792175293
630,2021-08-23 17:18:28.873870,0.4178644959888761,0.4577297869182768,0.45598411560058594
631,2021-08-23 17:18:30.210558,0.4179029850120968,0.45776812663735755,0.4819221496582031
632,2021-08-23 17:18:31.501329,0.41786929059632216,0.4577433723437635,0.4421234130859375
633,2021-08-23 17:18:32.717533,0.4177306346230409,0.45760133029160344,0.367830753326416
634,2021-08-23 17:18:33.940737,0.41758991980026194,0.4574603184540565,0.36819982528686523
635,2021-08-23 17:18:35.222651,0.4175463308499554,0.4574160669732282,0.42936062812805176
636,2021-08-23 17:18:36.554906,0.4175881990846598,0.4574558509970611,0.48271870613098145
637,2021-08-23 17:18:37.900195,0.4176474463434384,0.4575127758074031,0.4937169551849365
638,2021-08-23 17:18:39.154578,0.4175107236192518,0.4573770851177108,0.3709421157836914
639,2021-08-23 17:18:40.383184,0.4173730109965484,0.4572365485446554,0.36757421493530273
640,2021-08-23 17:18:41.673203,0.41733165346086026,0.45719476528465747,0.4304952621459961
641,2021-08-23 17:18:43.003524,0.4173586718191781,0.45721989005292635,0.4732997417449951
642,2021-08-23 17:18:44.239372,0.41722176750872364,0.45709058057482,0.3742032051086426
643,2021-08-23 17:18:45.530843,0.41718461465316464,0.4570535538170608,0.43328237533569336
644,2021-08-23 17:18:46.797732,0.4171075310025896,0.45697433200682175,0.4060347080230713
645,2021-08-23 17:18:48.021526,0.4169721891713697,0.45683916890343956,0.3697941303253174
646,2021-08-23 17:18:49.249868,0.4168357107292388,0.456699903166331,0.36687350273132324
647,2021-08-23 17:18:50.585526,0.41685339324809667,0.456716871703795,0.4676785469055176
648,2021-08-23 17:18:51.822447,0.4167280395825704,0.4565922095451826,0.37593579292297363
649,2021-08-23 17:18:53.143823,0.4167382459978477,0.45660214798843546,0.4630422592163086
650,2021-08-23 17:18:54.477370,0.4167649870652419,0.4566265417979314,0.4724581241607666
651,2021-08-23 17:18:55.704722,0.4166306954924412,0.45649015555550243,0.36783909797668457
652,2021-08-23 17:18:56.990907,0.4165906705007963,0.4564578785486748,0.43544554710388184
653,2021-08-23 17:18:58.261973,0.4165358477675714,0.45640059415633244,0.4190511703491211
654,2021-08-23 17:18:59.601033,0.4165623395814808,0.45642579185124205,0.47287988662719727
655,2021-08-23 17:19:00.824445,0.41642378741548264,0.45628920948232404,0.36696434020996094
656,2021-08-23 17:19:02.144757,0.4164531074646043,0.456319296868836,0.4760265350341797
657,2021-08-23 17:19:03.358159,0.4163162802633811,0.45618440099684254,0.3676927089691162
658,2021-08-23 17:19:04.617160,0.4162294600147607,0.45609769379114307,0.39913105964660645
659,2021-08-23 17:19:05.838525,0.41610045715239413,0.4559679244827247,0.37057971954345703
660,2021-08-23 17:19:07.064213,0.4159654946038217,0.4558300336201986,0.3649599552154541
661,2021-08-23 17:19:08.401741,0.4159972848040975,0.45586086040906576,0.47620654106140137
662,2021-08-23 17:19:09.724515,0.4160098356062552,0.45588195035824963,0.46982240676879883
663,2021-08-23 17:19:10.964300,0.41591516303440745,0.45578744616443756,0.39322566986083984
664,2021-08-23 17:19:12.276958,0.4159298488892705,0.45579993365758875,0.4640791416168213
665,2021-08-23 17:19:13.526578,0.4158260126759235,0.45569589084252377,0.3866114616394043
666,2021-08-23 17:19:14.854543,0.41585336110971355,0.4557215050534085,0.47275495529174805
667,2021-08-23 17:19:16.189135,0.4158859585357392,0.4557567522086125,0.4792313575744629
668,2021-08-23 17:19:17.520204,0.4159360231753595,0.4558061175717565,0.48873281478881836
669,2021-08-23 17:19:18.860435,0.41598337113589984,0.4558537968605623,0.4877035617828369
670,2021-08-23 17:19:20.177472,0.41602086202422184,0.4558904448551918,0.4804079532623291
671,2021-08-23 17:19:21.511546,0.41604909847106025,0.4559235945899156,0.4781339168548584
672,2021-08-23 17:19:22.848126,0.41607809208688284,0.4559612948270071,0.4812581539154053
673,2021-08-23 17:19:24.073687,0.4159514475364742,0.4558350487237168,0.37099766731262207
674,2021-08-23 17:19:25.302547,0.4158207008322198,0.45570306077555306,0.36687517166137695
675,2021-08-23 17:19:26.626460,0.41583606825934516,0.4557169589289912,0.4650843143463135
676,2021-08-23 17:19:27.875300,0.4157264902746889,0.4556085820028768,0.38245415687561035
677,2021-08-23 17:19:29.190713,0.415723588653294,0.4556094075235341,0.45616745948791504
678,2021-08-23 17:19:30.517557,0.4157568079180422,0.45563958739109095,0.4760713577270508
679,2021-08-23 17:19:31.854331,0.41577774962199104,0.4556593069798465,0.46902918815612793
680,2021-08-23 17:19:33.180263,0.41579120439641615,0.45567136441960054,0.46385836601257324
681,2021-08-23 17:19:34.406877,0.4156624598650155,0.4555428773821188,0.36817169189453125
682,2021-08-23 17:19:35.894187,0.4156968271977041,0.4557996247171307,0.6306445598602295
683,2021-08-23 17:19:37.089150,0.4156899556932128,0.4557898508856621,0.4491240978240967
684,2021-08-23 17:19:38.386951,0.41568240296770953,0.4557794949464631,0.44870638847351074
685,2021-08-23 17:19:39.631348,0.41558617327335107,0.45567958511575296,0.3873412609100342
686,2021-08-23 17:19:40.964526,0.415617318264597,0.45570729181995895,0.4746863842010498
687,2021-08-23 17:19:42.295493,0.41563189775836173,0.45571985029584283,0.46433496475219727
688,2021-08-23 17:19:43.627023,0.4156526583571767,0.45573720751806746,0.46766161918640137
689,2021-08-23 17:19:44.964261,0.41567886342850063,0.45575899794070573,0.4707508087158203
690,2021-08-23 17:19:46.207297,0.41558848187543346,0.45566602617070295,0.39160847663879395
691,2021-08-23 17:19:47.521025,0.41559210630988247,0.4556655800980873,0.45535778999328613
692,2021-08-23 17:19:48.758509,0.4154806950188786,0.45555932949044114,0.3821401596069336
693,2021-08-23 17:19:50.076723,0.41550556749836537,0.455581431092982,0.47087574005126953
694,2021-08-23 17:19:51.409418,0.41552155540037566,0.45559434073115634,0.4645407199859619
695,2021-08-23 17:19:52.726329,0.4155253732804772,0.45559802467016863,0.45815467834472656
696,2021-08-23 17:19:53.969862,0.4154328981350208,0.45550519296492653,0.3909871578216553
697,2021-08-23 17:19:55.186726,0.4152988022677013,0.45536880137417546,0.3604402542114258
698,2021-08-23 17:19:56.773077,0.41568629208813423,0.4557529640061124,0.7235143184661865
699,2021-08-23 17:19:58.421816,0.41616391044147366,0.45623097228731035,0.7898807525634766
700,2021-08-23 17:20:00.171811,0.4167867490223476,0.4568514963558742,0.8905978202819824
701,2021-08-23 17:20:01.890061,0.4173613978860722,0.45743180477670187,0.8636476993560791
702,2021-08-23 17:20:03.516117,0.41781212529565537,0.4578784809492932,0.770998477935791
703,2021-08-23 17:20:05.168698,0.418286258092476,0.45834963996583333,0.7891032695770264
704,2021-08-23 17:20:06.799355,0.418747678399086,0.45880791781978175,0.7809772491455078
705,2021-08-23 17:20:08.448505,0.4192121336646114,0.45927156252218476,0.785677433013916
706,2021-08-23 17:20:09.804596,0.4192542415165023,0.45931108477433075,0.48717427253723145
707,2021-08-23 17:20:11.020807,0.419126373369252,0.45918017836574787,0.36676025390625
708,2021-08-23 17:20:12.236801,0.4189946688501175,0.45904818699184785,0.36573028564453125
709,2021-08-23 17:20:13.535688,0.4189810224917779,0.45903236069026887,0.4478273391723633
710,2021-08-23 17:20:14.773311,0.41887778463497966,0.45892941414470406,0.3859403133392334
711,2021-08-23 17:20:15.997953,0.4187487881897874,0.4588116627034591,0.37520813941955566
712,2021-08-23 17:20:17.297475,0.41875385568383033,0.4588145007578175,0.4608323574066162
713,2021-08-23 17:20:18.544729,0.4186580214560617,0.4587175805973304,0.3897104263305664
714,2021-08-23 17:20:19.878325,0.41867244610933363,0.45873014900196835,0.46769142150878906
715,2021-08-23 17:20:21.205525,0.4186904373702469,0.45874545557515606,0.46967434883117676
716,2021-08-23 17:20:22.543231,0.4187244942734361,0.4587786680493275,0.4825255870819092
717,2021-08-23 17:20:23.869755,0.4187446983954564,0.4587981936988139,0.4727785587310791
718,2021-08-23 17:20:25.086965,0.41861625700607935,0.45866948183532547,0.36638307571411133
719,2021-08-23 17:20:26.331252,0.4185201057306749,0.45857029332570803,0.38735294342041016
