imageCounter,currentTime,meanNetworkDelay,meanResponseTime,classificationTime
1,2021-09-15 20:30:53.225319,1.074533224105835,1.6059911251068115,1.6059911251068115
2,2021-09-15 20:30:54.448918,1.086435317993164,1.5655229091644287,1.525054693222046
3,2021-09-15 20:30:55.723178,1.0583608945210774,1.5350127220153809,1.4739923477172852
4,2021-09-15 20:30:56.941139,1.0312275290489197,1.4922439455986023,1.3639376163482666
5,2021-09-15 20:30:58.220070,1.0038559913635254,1.4741559982299806,1.4018042087554932
6,2021-09-15 20:30:59.510158,0.9843203624089559,1.47175129254659,1.4597277641296387
7,2021-09-15 20:31:00.537736,1.0008741446903773,1.4418895244598389,1.262718915939331
8,2021-09-15 20:31:01.989336,0.9888180196285248,1.435829907655716,1.3934125900268555
9,2021-09-15 20:31:03.104110,0.9808606306711832,1.4184707800547283,1.2795977592468262
10,2021-09-15 20:31:04.203030,0.9731734037399292,1.3914891719818114,1.1486546993255615
11,2021-09-15 20:31:05.877071,0.9762897057966753,1.409949324347756,1.5945508480072021
12,2021-09-15 20:31:06.795387,0.9787611961364746,1.3994104067484539,1.283482313156128
13,2021-09-15 20:31:08.586529,0.9915036788353553,1.4254809893094575,1.738327980041504
14,2021-09-15 20:31:09.173257,0.9870717525482178,1.3952496222087316,1.002241849899292
15,2021-09-15 20:31:10.949549,0.9830009937286377,1.3978653748830159,1.434485912322998
16,2021-09-15 20:31:12.241440,0.9776457399129868,1.397822305560112,1.3971762657165527
17,2021-09-15 20:31:13.374313,0.9752998913035673,1.3918162654427921,1.2957196235656738
18,2021-09-15 20:31:14.862687,0.9826269547144572,1.3960546652475994,1.4681074619293213
19,2021-09-15 20:31:16.106953,0.984273258008455,1.3950942942970677,1.3778076171875
20,2021-09-15 20:31:17.413311,0.9822387576103211,1.3981089830398559,1.455388069152832
21,2021-09-15 20:31:18.743584,0.9828896749587286,1.4046136084057035,1.5347061157226562
22,2021-09-15 20:31:19.816967,0.984040379524231,1.3999572016976096,1.3021726608276367
23,2021-09-15 20:31:21.249289,0.9777745993241019,1.4022668237271516,1.4530785083770752
24,2021-09-15 20:31:22.267242,0.9797082344690958,1.3952946762243907,1.2349352836608887
25,2021-09-15 20:31:23.778935,0.9831231117248536,1.3985250186920166,1.476053237915039
26,2021-09-15 20:31:24.946172,0.9784238063372098,1.3952085146537194,1.312295913696289
27,2021-09-15 20:31:26.270874,0.975374804602729,1.395217639428598,1.3954548835754395
28,2021-09-15 20:31:27.460673,0.9719419479370117,1.3939019015857153,1.3583769798278809
29,2021-09-15 20:31:28.742944,0.969586076407597,1.3945726772834515,1.4133543968200684
30,2021-09-15 20:31:30.160816,0.9721197843551636,1.4012500127156575,1.5948927402496338
31,2021-09-15 20:31:31.442252,0.9742922629079511,1.4080980362430695,1.6135387420654297
32,2021-09-15 20:31:32.487655,0.9697847291827202,1.4023764804005623,1.225008249282837
33,2021-09-15 20:31:33.710388,0.9655965386014996,1.3964573975765344,1.2070467472076416
34,2021-09-15 20:31:35.084827,0.961981878561132,1.3952572836595423,1.3556535243988037
35,2021-09-15 20:31:36.476495,0.9580237252371652,1.398591000693185,1.5119373798370361
36,2021-09-15 20:31:37.704867,0.9557234313752916,1.4018278982904222,1.5151193141937256
37,2021-09-15 20:31:38.919628,0.952577391186276,1.4032658564077842,1.4550323486328125
38,2021-09-15 20:31:40.207578,0.951776102969521,1.4059517948251021,1.5053315162658691
39,2021-09-15 20:31:41.460690,0.9548787153684176,1.408517048909114,1.5059967041015625
40,2021-09-15 20:31:42.890984,0.956484979391098,1.4145933270454407,1.6515681743621826
41,2021-09-15 20:31:43.954669,0.9561990528571896,1.416012984950368,1.472799301147461
42,2021-09-15 20:31:45.259521,0.9549590405963716,1.4168660811015539,1.451843023300171
43,2021-09-15 20:31:46.606596,0.9588064149368641,1.4206778836804768,1.5807735919952393
44,2021-09-15 20:31:48.001054,0.9621371789412065,1.4254106770862232,1.6289207935333252
45,2021-09-15 20:31:49.119651,0.9652516153123644,1.4251242637634278,1.4125220775604248
46,2021-09-15 20:31:50.299603,0.9625411137290623,1.421898225079412,1.276726484298706
47,2021-09-15 20:31:51.908136,0.9634533486467727,1.426731621965449,1.6490678787231445
48,2021-09-15 20:31:52.873262,0.964481254418691,1.4260224451621373,1.3926911354064941
49,2021-09-15 20:31:54.153015,0.9649220826674481,1.4257753965805988,1.413917064666748
50,2021-09-15 20:31:55.338288,0.9623979568481446,1.424625401496887,1.3682756423950195
51,2021-09-15 20:31:56.525057,0.9607947994680965,1.42268874130997,1.3258557319641113
52,2021-09-15 20:31:57.503240,0.9612848483599149,1.4160522818565369,1.0775928497314453
53,2021-09-15 20:31:59.050562,0.9617403858112838,1.4156949924972821,1.39711594581604
54,2021-09-15 20:32:00.394634,0.9621604592711838,1.417447982011018,1.5103564262390137
55,2021-09-15 20:32:01.830424,0.9647484042427756,1.4213939319957387,1.6344752311706543
56,2021-09-15 20:32:02.921245,0.9636825110231128,1.4209895517144884,1.3987486362457275
57,2021-09-15 20:32:04.385713,0.9637796335053026,1.4239699380439625,1.5908715724945068
58,2021-09-15 20:32:05.408368,0.9625254211754635,1.423361141106178,1.3886597156524658
59,2021-09-15 20:32:06.755651,0.9617503255100573,1.423725649461908,1.4448671340942383
60,2021-09-15 20:32:07.945326,0.9596475680669149,1.4232721209526062,1.3965139389038086
61,2021-09-15 20:32:09.319679,0.9631787010880767,1.4250896172445329,1.5341393947601318
62,2021-09-15 20:32:10.525623,0.9609187226141652,1.4242031766522316,1.3701303005218506
63,2021-09-15 20:32:11.910165,0.9620176307738774,1.4258937343718514,1.5307083129882812
64,2021-09-15 20:32:13.497011,0.9688029661774635,1.4329324886202812,1.8763740062713623
65,2021-09-15 20:32:14.071535,0.9668774604797363,1.4297171922830434,1.223938226699829
66,2021-09-15 20:32:15.585621,0.9666999470103871,1.4308846394220989,1.5067687034606934
67,2021-09-15 20:32:16.722405,0.9657899123519215,1.4300568424054045,1.3754222393035889
68,2021-09-15 20:32:18.237655,0.9667598009109497,1.4335019307978012,1.664322853088379
69,2021-09-15 20:32:19.152363,0.9673579637555109,1.4322405828945879,1.3464689254760742
70,2021-09-15 20:32:20.589255,0.966491995538984,1.43256425176348,1.454897403717041
71,2021-09-15 20:32:21.997378,0.9680768234629027,1.4349426585184017,1.601431131362915
72,2021-09-15 20:32:23.485154,0.9701917072137197,1.439758085542255,1.7816534042358398
73,2021-09-15 20:32:24.419014,0.9707809735650885,1.439217260439102,1.400277853012085
74,2021-09-15 20:32:25.873400,0.9711543965984035,1.4401368643786456,1.507267951965332
75,2021-09-15 20:32:26.784463,0.9715972963968913,1.4368394311269124,1.1928293704986572
76,2021-09-15 20:32:28.586475,0.9735565938447651,1.4399843184571517,1.6758508682250977
77,2021-09-15 20:32:29.699867,0.9718390316158146,1.4400981803993127,1.44875168800354
78,2021-09-15 20:32:31.169352,0.9733666945726444,1.4430426603708513,1.6697676181793213
79,2021-09-15 20:32:32.298428,0.9738421168508409,1.4436552162411846,1.4914345741271973
80,2021-09-15 20:32:33.317651,0.9729224890470505,1.4402492880821227,1.1711809635162354
81,2021-09-15 20:32:34.992714,0.9744447925944387,1.442323296158402,1.6082439422607422
82,2021-09-15 20:32:36.275584,0.9761207278181867,1.44393416730369,1.5744147300720215
83,2021-09-15 20:32:37.741761,0.9778647394065397,1.447251598519015,1.7192809581756592
84,2021-09-15 20:32:38.365385,0.977292517820994,1.441960822968256,1.002826452255249
85,2021-09-15 20:32:40.200425,0.9764909968656652,1.4426293541403379,1.4987859725952148
86,2021-09-15 20:32:41.431922,0.9768941513327665,1.4433476259542066,1.5044007301330566
87,2021-09-15 20:32:42.762480,0.9784655982050402,1.444112821557056,1.5099196434020996
88,2021-09-15 20:32:43.913785,0.9767006744037975,1.4428085955706509,1.329340934753418
89,2021-09-15 20:32:45.087337,0.9770756544691793,1.4409006284863761,1.2729995250701904
90,2021-09-15 20:32:46.577148,0.977354277504815,1.4418729914559258,1.5284132957458496
91,2021-09-15 20:32:47.755866,0.9766060231806157,1.4421980616810557,1.471454381942749
92,2021-09-15 20:32:49.267072,0.9775373806124148,1.444594497266023,1.6626701354980469
93,2021-09-15 20:32:50.344005,0.9759756031856742,1.444843989546581,1.4677972793579102
94,2021-09-15 20:32:51.500560,0.9744102599773001,1.4441332056167278,1.3780303001403809
95,2021-09-15 20:32:52.664816,0.9728945029409308,1.4427668947922556,1.3143336772918701
96,2021-09-15 20:32:53.787536,0.9713370651006699,1.44035305082798,1.2110378742218018
97,2021-09-15 20:32:55.128217,0.9712297621461534,1.4391720073739278,1.325791835784912
98,2021-09-15 20:32:56.755414,0.9731026474310427,1.441627777352625,1.6798374652862549
99,2021-09-15 20:32:57.716799,0.9730848904811975,1.4412361202817974,1.4028537273406982
100,2021-09-15 20:32:59.065395,0.9737020325660706,1.440628399848938,1.3804640769958496
101,2021-09-15 20:33:00.254897,0.9722368363106605,1.4396034066039738,1.337104082107544
102,2021-09-15 20:33:01.320289,0.9707858772838817,1.4369765800588272,1.1716670989990234
103,2021-09-15 20:33:02.762505,0.9716593524784718,1.436512687831249,1.3891956806182861
104,2021-09-15 20:33:04.160868,0.9720512811954205,1.4371903378229876,1.506988286972046
105,2021-09-15 20:33:05.409698,0.9733106862931025,1.4379652727217902,1.5185585021972656
106,2021-09-15 20:33:06.896995,0.9736304508065278,1.4402365414601452,1.6787197589874268
107,2021-09-15 20:33:07.934142,0.9740034130132087,1.4407244954153755,1.4924476146697998
108,2021-09-15 20:33:09.266738,0.9734319889986957,1.4412617992471766,1.498753309249878
109,2021-09-15 20:33:10.415521,0.9742014954943176,1.44097681439251,1.410198450088501
110,2021-09-15 20:33:11.933697,0.9745473818345504,1.4424322691830722,1.6010768413543701
111,2021-09-15 20:33:12.975507,0.9738586142256453,1.442092498143514,1.4047176837921143
112,2021-09-15 20:33:14.423011,0.9748771701540265,1.4435906686953135,1.6098875999450684
113,2021-09-15 20:33:16.045782,0.9797144400334992,1.4477551321012785,1.914175033569336
114,2021-09-15 20:33:16.742828,0.9801009747019985,1.4463651598545544,1.2892982959747314
115,2021-09-15 20:33:17.997455,0.9804682441379713,1.4443391032840895,1.2133686542510986
116,2021-09-15 20:33:19.603365,0.9803581957159371,1.4447103923764721,1.4874086380004883
117,2021-09-15 20:33:20.629244,0.9796498249738644,1.4432720832335644,1.27642822265625
118,2021-09-15 20:33:22.086205,0.9785255880679115,1.4437273053799646,1.496988296508789
119,2021-09-15 20:33:23.577583,0.979454270931853,1.4463316212181283,1.75364089012146
120,2021-09-15 20:33:24.629054,0.9791129688421886,1.4467428425947826,1.495678186416626
121,2021-09-15 20:33:25.442730,0.9784652438045534,1.442854881286621,0.976299524307251
122,2021-09-15 20:33:27.039327,0.9772450357186989,1.4421211324754308,1.3533375263214111
123,2021-09-15 20:33:28.313438,0.9763129300218287,1.4417416933106213,1.3954501152038574
124,2021-09-15 20:33:29.536848,0.9756838602404441,1.4412516663151402,1.3809783458709717
125,2021-09-15 20:33:30.726917,0.9744926376342773,1.4403435859680176,1.3277416229248047
126,2021-09-15 20:33:31.948588,0.9739259878794352,1.4394309520721436,1.3253517150878906
127,2021-09-15 20:33:32.759615,0.9727698836739608,1.4352316668653113,0.9061217308044434
128,2021-09-15 20:33:34.562954,0.9730070754885674,1.4356562048196793,1.489572525024414
129,2021-09-15 20:33:35.749572,0.9719830280126527,1.4350124957949617,1.3526177406311035
130,2021-09-15 20:33:37.143632,0.9721943836945753,1.435557877100431,1.5059120655059814
131,2021-09-15 20:33:38.343625,0.9715906882104073,1.435849713915177,1.4737884998321533
132,2021-09-15 20:33:39.589999,0.9705216505310752,1.4362755327513723,1.4920578002929688
133,2021-09-15 20:33:40.856490,0.971392916557484,1.4368988822277327,1.5191810131072998
134,2021-09-15 20:33:42.047066,0.9712492654572672,1.4366934922204089,1.409376621246338
135,2021-09-15 20:33:43.093458,0.9703544546056677,1.434291754828559,1.1124589443206787
136,2021-09-15 20:33:44.411078,0.9692994706770953,1.432577042018666,1.2010908126831055
137,2021-09-15 20:33:45.523820,0.9682588716493036,1.4300604266841916,1.0878007411956787
138,2021-09-15 20:33:47.089173,0.9672712018524391,1.430026296256245,1.4253504276275635
139,2021-09-15 20:33:48.146196,0.9662621981806034,1.428783643159935,1.2572975158691406
140,2021-09-15 20:33:49.131196,0.9659413167408535,1.4258854150772096,1.0230317115783691
141,2021-09-15 20:33:50.640515,0.9650655316968336,1.4250409822937444,1.3068203926086426
142,2021-09-15 20:33:52.167553,0.9657281284600916,1.4261273112095578,1.5792996883392334
143,2021-09-15 20:33:53.392847,0.9648856916627684,1.4255360256541858,1.3415734767913818
144,2021-09-15 20:33:54.640784,0.9639266497559018,1.425000889433755,1.3484764099121094
145,2021-09-15 20:33:55.728631,0.9631259737343624,1.4235317674176446,1.2119781970977783
146,2021-09-15 20:33:57.254884,0.9621965199300687,1.4240215265587584,1.4950366020202637
147,2021-09-15 20:33:58.596138,0.9627993220374698,1.4252771341881785,1.608595848083496
148,2021-09-15 20:33:59.754965,0.9631817646928735,1.4258150345570333,1.5048863887786865
149,2021-09-15 20:34:01.061186,0.9627469738057796,1.426070458136949,1.4638731479644775
150,2021-09-15 20:34:01.899738,0.962269492149353,1.4236768913269042,1.067035436630249
151,2021-09-15 20:34:03.705118,0.9624769071869502,1.4251224647294607,1.641958475112915
152,2021-09-15 20:34:04.811675,0.9628089180118159,1.4251873963757564,1.4349920749664307
153,2021-09-15 20:34:06.275415,0.9631083557029175,1.4261055678323982,1.5656676292419434
154,2021-09-15 20:34:07.388779,0.9629984134203428,1.4262401144225876,1.4468257427215576
155,2021-09-15 20:34:08.913535,0.9633191570158928,1.4276632539687617,1.6468267440795898
156,2021-09-15 20:34:09.927736,0.963646650314331,1.4277129234411778,1.4354116916656494
157,2021-09-15 20:34:11.146690,0.9639257853198203,1.4269892607524897,1.3140978813171387
158,2021-09-15 20:34:12.481406,0.9636106159113631,1.4269534726686115,1.4213347434997559
159,2021-09-15 20:34:13.838785,0.9638520006863576,1.4277049370531767,1.5464363098144531
160,2021-09-15 20:34:14.945279,0.9642057076096535,1.4270881727337836,1.3290226459503174
161,2021-09-15 20:34:16.509396,0.9644832211251585,1.427919864654541,1.560990571975708
162,2021-09-15 20:34:17.626945,0.9640956969908726,1.4278888761261364,1.4228997230529785
163,2021-09-15 20:34:18.768966,0.9637784372809475,1.4268680072269557,1.2614872455596924
164,2021-09-15 20:34:20.101871,0.9634522679375439,1.4264996313467257,1.3664543628692627
165,2021-09-15 20:34:21.502268,0.9637185949267764,1.4271409612713437,1.5323190689086914
166,2021-09-15 20:34:22.860991,0.9645638796220343,1.4285291390246655,1.657578468322754
167,2021-09-15 20:34:24.002740,0.9648730255172638,1.4288553249336289,1.4830021858215332
168,2021-09-15 20:34:25.282548,0.9651980527809688,1.4288787444432576,1.4327898025512695
169,2021-09-15 20:34:26.736678,0.9660744681160831,1.430197214939185,1.6517002582550049
170,2021-09-15 20:34:28.000800,0.9663715769262875,1.4310625679352704,1.5773072242736816
171,2021-09-15 20:34:28.996637,0.9655667410956489,1.4299546961198772,1.2416164875030518
172,2021-09-15 20:34:30.320656,0.9649647820827573,1.4294103619664214,1.3363292217254639
173,2021-09-15 20:34:31.586778,0.964238657427661,1.4288884904343269,1.3391265869140625
174,2021-09-15 20:34:32.868727,0.9634716757412615,1.428583069779407,1.3757452964782715
175,2021-09-15 20:34:33.983966,0.9626633412497384,1.427659579685756,1.266972303390503
176,2021-09-15 20:34:35.267777,0.9620931852947582,1.4270276007327167,1.3164312839508057
177,2021-09-15 20:34:36.647872,0.9620411894415731,1.4272484967937578,1.4661262035369873
178,2021-09-15 20:34:38.036151,0.9625639714551776,1.4283653872736384,1.6260550022125244
179,2021-09-15 20:34:39.198615,0.9624377908653388,1.4288994546709113,1.523963451385498
180,2021-09-15 20:34:40.398540,0.9617433216836717,1.4286602179209391,1.3858368396759033
181,2021-09-15 20:34:41.583632,0.9618189690521409,1.428162084758611,1.3384981155395508
182,2021-09-15 20:34:42.994827,0.9610828108839936,1.427859277515621,1.3730511665344238
183,2021-09-15 20:34:44.203224,0.9603912204992576,1.4274039958995548,1.3445427417755127
184,2021-09-15 20:34:45.395808,0.9596846634927003,1.4267571983130083,1.3083932399749756
185,2021-09-15 20:34:46.806485,0.95962559983537,1.4270606169829498,1.4828896522521973
186,2021-09-15 20:34:48.127993,0.9601080661178917,1.4278694737342097,1.5775079727172852
187,2021-09-15 20:34:49.108412,0.9604081865300469,1.427098654170725,1.2837262153625488
188,2021-09-15 20:34:50.494370,0.9597438459700727,1.426661323993764,1.3448805809020996
189,2021-09-15 20:34:51.882188,0.9599807010125861,1.4270352888359594,1.4973406791687012
190,2021-09-15 20:34:53.196003,0.9607259260980706,1.42781916794024,1.575972318649292
191,2021-09-15 20:34:54.458964,0.9611508334494386,1.4282683464869155,1.5136122703552246
192,2021-09-15 20:34:55.720423,0.9614135722319285,1.4283895989259083,1.4515488147735596
193,2021-09-15 20:34:56.777643,0.9611472441124792,1.4270907350154738,1.1777088642120361
194,2021-09-15 20:34:58.396091,0.9618996357180408,1.4277707522677392,1.559014081954956
195,2021-09-15 20:34:59.585241,0.9622488058530367,1.4277244311112625,1.4187381267547607
196,2021-09-15 20:35:00.859444,0.9619963461039017,1.4274065677000551,1.3654232025146484
197,2021-09-15 20:35:01.955837,0.962189669536455,1.4263852719728112,1.2262113094329834
198,2021-09-15 20:35:03.590620,0.9628597666518857,1.4274324503811924,1.6337265968322754
199,2021-09-15 20:35:04.852341,0.963594671469837,1.428124830351403,1.565216064453125
200,2021-09-15 20:35:06.197112,0.9643247747421264,1.4288858008384704,1.5803189277648926
201,2021-09-15 20:35:07.579687,0.9650985115203098,1.4299569900949203,1.6441948413848877
202,2021-09-15 20:35:08.862692,0.9658037306058525,1.4307040141360594,1.5808558464050293
203,2021-09-15 20:35:10.211558,0.9665135245017817,1.431526711421647,1.5977115631103516
204,2021-09-15 20:35:11.345044,0.9658661578215805,1.4314224147329144,1.410250186920166
205,2021-09-15 20:35:12.464059,0.9666099967026129,1.43079926444263,1.3036766052246094
206,2021-09-15 20:35:14.197597,0.9672869432319715,1.4320872721162814,1.6961288452148438
207,2021-09-15 20:35:14.896332,0.9672600082729174,1.4303520232583014,1.0728907585144043
208,2021-09-15 20:35:16.818508,0.9679674735436072,1.4314654091229806,1.6619362831115723
209,2021-09-15 20:35:17.916794,0.9676955191142251,1.431455282503338,1.4293489456176758
210,2021-09-15 20:35:19.306202,0.9680777447564262,1.432185317221142,1.5847625732421875
211,2021-09-15 20:35:20.651737,0.9682413300066762,1.4329466040100531,1.5928168296813965
212,2021-09-15 20:35:21.999081,0.9689240511858238,1.4338106839162,1.6161315441131592
213,2021-09-15 20:35:23.300886,0.9691745014817502,1.434526695332057,1.5863211154937744
214,2021-09-15 20:35:24.677531,0.9698596813968409,1.4354701420971165,1.6364243030548096
215,2021-09-15 20:35:25.832189,0.9695604801177978,1.4355651522791664,1.455897331237793
216,2021-09-15 20:35:27.039217,0.9692310746069308,1.4355200606363792,1.4258253574371338
217,2021-09-15 20:35:28.232700,0.9693880213021133,1.4352801790984544,1.3834657669067383
218,2021-09-15 20:35:29.587763,0.9696221132890894,1.4352318628118672,1.4247472286224365
219,2021-09-15 20:35:30.842788,0.9693819344315899,1.4352566891064926,1.4406688213348389
220,2021-09-15 20:35:31.960106,0.968884843046015,1.4345836574381048,1.2871897220611572
221,2021-09-15 20:35:33.331108,0.9688158261829911,1.4345358227173128,1.4240121841430664
222,2021-09-15 20:35:34.842906,0.9693273928788331,1.4357384894345258,1.7015278339385986
223,2021-09-15 20:35:35.764190,0.9688231389084204,1.4353384394282183,1.346527338027954
224,2021-09-15 20:35:36.893165,0.9689754566976002,1.4344990476965904,1.247314691543579
225,2021-09-15 20:35:38.624111,0.969561365975274,1.4358691120147704,1.7427635192871094
226,2021-09-15 20:35:39.728756,0.9697201157038191,1.4362583761721586,1.5238428115844727
227,2021-09-15 20:35:41.086380,0.9704045230596601,1.4367597439215571,1.5500688552856445
228,2021-09-15 20:35:42.271623,0.9701092316393267,1.436622589303736,1.4054884910583496
229,2021-09-15 20:35:43.712327,0.9704766211030785,1.43737496975728,1.6089177131652832
230,2021-09-15 20:35:44.995132,0.9710653346517811,1.4379411863244098,1.5676047801971436
231,2021-09-15 20:35:46.301367,0.9712394408849411,1.438402238862339,1.5444443225860596
232,2021-09-15 20:35:47.636876,0.9711995700310017,1.4388672565591747,1.5462863445281982
233,2021-09-15 20:35:48.681672,0.9711441615108768,1.4384939967306898,1.3518977165222168
234,2021-09-15 20:35:50.037839,0.9712825004871075,1.4382780555985932,1.3879637718200684
235,2021-09-15 20:35:51.380945,0.9714435120846363,1.4385604493161466,1.5046405792236328
236,2021-09-15 20:35:52.307196,0.972062228089672,1.4375872086670438,1.2088756561279297
237,2021-09-15 20:35:54.068960,0.9727004670895605,1.4384705758798977,1.6469452381134033
238,2021-09-15 20:35:55.157725,0.9728314766362935,1.4382576942443848,1.3878047466278076
239,2021-09-15 20:35:56.591100,0.9729718254201083,1.4384663494062224,1.488126277923584
240,2021-09-15 20:35:58.019627,0.9735318620999655,1.4395133942365645,1.6897571086883545
241,2021-09-15 20:35:59.055018,0.9736730251074827,1.4393227199301186,1.3935608863830566
242,2021-09-15 20:36:00.161665,0.9738352604148802,1.4382427310155443,1.1779654026031494
243,2021-09-15 20:36:01.457443,0.9732442186693105,1.437470263414422,1.250533103942871
244,2021-09-15 20:36:02.843830,0.9726779148226878,1.4373618833354262,1.4110255241394043
245,2021-09-15 20:36:04.255246,0.9732567378452845,1.4379945297630465,1.592360258102417
246,2021-09-15 20:36:05.808534,0.9741822316394588,1.4395293530409898,1.815561056137085
247,2021-09-15 20:36:06.683300,0.973704734794524,1.439283279272226,1.378749132156372
248,2021-09-15 20:36:09.234557,0.9788496657725303,1.4443298991649383,2.690845012664795
249,2021-09-15 20:36:09.734120,0.9801678858607649,1.445548171499168,1.7476797103881836
250,2021-09-15 20:36:10.970322,0.981457763671875,1.4460441207885741,1.569535493850708
251,2021-09-15 20:36:12.429719,0.9820876264002218,1.4466336172415442,1.5940077304840088
252,2021-09-15 20:36:13.811903,0.9818984402550591,1.4466574428573487,1.4526376724243164
253,2021-09-15 20:36:15.028183,0.9819205400972028,1.4462432682278599,1.3418712615966797
254,2021-09-15 20:36:16.197787,0.9816233529819278,1.4456335991386353,1.2913873195648193
255,2021-09-15 20:36:17.534532,0.9812508807462804,1.4453950227475634,1.3847966194152832
256,2021-09-15 20:36:18.927050,0.9811258977279067,1.445768210105598,1.540930986404419
257,2021-09-15 20:36:19.949674,0.9806462985532293,1.4453263811564168,1.3322181701660156
258,2021-09-15 20:36:21.040454,0.9801751966624297,1.4443185024483258,1.1852936744689941
259,2021-09-15 20:36:22.945038,0.9817663601466587,1.4458325691665002,1.8364617824554443
260,2021-09-15 20:36:24.032223,0.9818189859390258,1.4461605759767386,1.5311143398284912
261,2021-09-15 20:36:25.191322,0.9818870180868098,1.4461736578594222,1.4495749473571777
262,2021-09-15 20:36:26.504973,0.9819057087861854,1.4464391843053221,1.5157415866851807
263,2021-09-15 20:36:27.696906,0.9813461675390092,1.4459826357011105,1.326366901397705
264,2021-09-15 20:36:29.018344,0.9810107937364867,1.445819009434093,1.402785301208496
265,2021-09-15 20:36:30.367723,0.9804541092998577,1.4458944059767813,1.46579909324646
266,2021-09-15 20:36:31.483960,0.9799187299900485,1.4455570798171193,1.3561656475067139
267,2021-09-15 20:36:32.603276,0.9793709181667714,1.4447766270083882,1.2371761798858643
268,2021-09-15 20:36:33.973814,0.979422753426566,1.444526085213049,1.377631425857544
269,2021-09-15 20:36:35.230226,0.9791848801325688,1.4443106988105632,1.386587142944336
270,2021-09-15 20:36:36.433503,0.9789256678687202,1.4439395674952755,1.3441052436828613
271,2021-09-15 20:36:37.894794,0.9788985797839851,1.444370590892665,1.5607469081878662
272,2021-09-15 20:36:39.003046,0.9787837757783777,1.4442979272674112,1.4246060848236084
273,2021-09-15 20:36:41.485985,0.9827308060922029,1.448686535978492,2.642388105392456
274,2021-09-15 20:36:42.661575,0.9827904474996302,1.4489907504868333,1.532041311264038
275,2021-09-15 20:36:44.001994,0.9835291463678534,1.4496445803208784,1.6287939548492432
276,2021-09-15 20:36:44.791061,0.9829690810562908,1.4486764643503272,1.1824445724487305
277,2021-09-15 20:36:46.190218,0.982411021359991,1.448338756492422,1.3551313877105713
278,2021-09-15 20:36:47.413654,0.9818513599231089,1.447966716272368,1.3449115753173828
279,2021-09-15 20:36:48.443458,0.9813713736858847,1.4468627659650686,1.1399645805358887
280,2021-09-15 20:36:49.876255,0.9809187965733664,1.4465159331049238,1.3497495651245117
281,2021-09-15 20:36:51.005219,0.9804513564737666,1.4457831722137342,1.240610122680664
282,2021-09-15 20:36:52.471215,0.9803272857733653,1.4459130172188401,1.4823994636535645
283,2021-09-15 20:36:54.795917,0.983711235093565,1.4498686259711169,2.565350294113159
284,2021-09-15 20:36:55.617585,0.9832068547396593,1.4485188697425413,1.066537857055664
285,2021-09-15 20:36:58.141160,0.9863869892923456,1.4517278796748112,2.363086700439453
286,2021-09-15 20:36:59.092676,0.9859562737124783,1.4504018721880612,1.0724897384643555
287,2021-09-15 20:37:00.698304,0.9855802291777076,1.4503896909308351,1.4469058513641357
288,2021-09-15 20:37:01.812179,0.9852024507191446,1.449921405977673,1.315523624420166
289,2021-09-15 20:37:03.019017,0.9847733413471895,1.4492647911850556,1.2601597309112549
290,2021-09-15 20:37:04.527487,0.984493115852619,1.4494733629555538,1.5097506046295166
291,2021-09-15 20:37:05.722660,0.984047205587433,1.449346725064045,1.4126217365264893
292,2021-09-15 20:37:07.066332,0.9837838623621692,1.4495557366985163,1.510378122329712
293,2021-09-15 20:37:08.184559,0.9834733294138729,1.4493526940459684,1.3900642395019531
294,2021-09-15 20:37:09.207055,0.9830122026456457,1.448395763935686,1.1680152416229248
295,2021-09-15 20:37:10.656197,0.9827543056617349,1.4481560795994128,1.3776888847351074
296,2021-09-15 20:37:11.846007,0.982648902648204,1.4475654838858425,1.2733397483825684
297,2021-09-15 20:37:13.424887,0.9826813434510921,1.4477715757158067,1.508774757385254
298,2021-09-15 20:37:14.741386,0.9830413752754262,1.4482381471851529,1.5868098735809326
299,2021-09-15 20:37:15.811430,0.9826450746593667,1.447896047579405,1.3459503650665283
300,2021-09-15 20:37:17.221800,0.9826857336362202,1.448146754105886,1.5231080055236816
301,2021-09-15 20:37:18.362578,0.982751190464362,1.4481194510412374,1.4399285316467285
302,2021-09-15 20:37:19.775485,0.9827243058097284,1.4486118626120865,1.596827745437622
303,2021-09-15 20:37:20.844770,0.9822304846823412,1.4483487928661183,1.3689017295837402
304,2021-09-15 20:37:22.803619,0.983626735837836,1.4504627710894535,2.0909981727600098
305,2021-09-15 20:37:23.650752,0.9840446089134842,1.451333631452967,1.7160751819610596
306,2021-09-15 20:37:24.781793,0.9842089219810137,1.4516304926155439,1.542173147201538
307,2021-09-15 20:37:25.759516,0.984040590373235,1.451110681415769,1.292048454284668
308,2021-09-15 20:37:27.113302,0.9841131064798925,1.450913141300152,1.390268325805664
309,2021-09-15 20:37:28.198481,0.9836272228882922,1.4502579934388689,1.2484724521636963
310,2021-09-15 20:37:29.667482,0.9837203664164389,1.4503881269885648,1.4905993938446045
311,2021-09-15 20:37:30.653092,0.9835041634906143,1.4497624010901742,1.2557873725891113
312,2021-09-15 20:37:32.123027,0.9836095846616305,1.4498973886171977,1.4918785095214844
313,2021-09-15 20:37:33.474819,0.9840053498935395,1.4503892808676528,1.6038596630096436
314,2021-09-15 20:37:34.538117,0.9837969776931083,1.4500809330849131,1.3535680770874023
315,2021-09-15 20:37:35.937897,0.9838917126731267,1.450281754751054,1.5133397579193115
316,2021-09-15 20:37:37.280185,0.984292286860792,1.4508320508123953,1.6241753101348877
317,2021-09-15 20:37:38.116103,0.9838872602685392,1.4498334276939415,1.1342685222625732
318,2021-09-15 20:37:39.834834,0.9843107349467728,1.4503904543582748,1.6269679069519043
319,2021-09-15 20:37:40.914602,0.9840917206109504,1.4501525130017798,1.3744871616363525
320,2021-09-15 20:37:42.289741,0.9841532133519649,1.4503397099673747,1.5100555419921875
321,2021-09-15 20:37:43.724409,0.9845044092968617,1.451135211273146,1.705695629119873
322,2021-09-15 20:37:45.012212,0.9846008290415225,1.4518567967859115,1.683485746383667
323,2021-09-15 20:37:45.835459,0.9841258525848389,1.4509731807944943,1.1664488315582275
324,2021-09-15 20:37:47.439026,0.9845136757250186,1.4512490431467693,1.5403525829315186
325,2021-09-15 20:37:48.386002,0.9846500858893761,1.4503729248046875,1.1665105819702148
326,2021-09-15 20:37:50.054705,0.9847494773338178,1.4505354502449739,1.5033562183380127
327,2021-09-15 20:37:51.369387,0.9848249563747954,1.4506261042498667,1.4801793098449707
328,2021-09-15 20:37:52.673492,0.9846590902747178,1.4509186235869802,1.5465724468231201
329,2021-09-15 20:37:54.089622,0.9850547183248409,1.4514784711472533,1.635108470916748
330,2021-09-15 20:37:55.318728,0.9848483808112867,1.4517746072826963,1.5492033958435059
331,2021-09-15 20:37:56.750893,0.9851129645667407,1.4525378643566027,1.7044126987457275
332,2021-09-15 20:37:57.962819,0.9852278318749853,1.453090497528214,1.636012077331543
333,2021-09-15 20:37:59.195305,0.9852890381225953,1.4532921758141961,1.520249366760254
334,2021-09-15 20:38:00.644461,0.9856892688545639,1.4538776860265674,1.6488525867462158
335,2021-09-15 20:38:02.079744,0.9860955124470725,1.4547738039671485,1.7540771961212158
336,2021-09-15 20:38:03.135313,0.9862300008535385,1.4548197736342747,1.470219612121582
337,2021-09-15 20:38:04.546179,0.9861230185194609,1.4551241270512432,1.557386875152588
338,2021-09-15 20:38:05.732103,0.9859082395508445,1.455298418829427,1.5140347480773926
339,2021-09-15 20:38:07.026950,0.9861050256937303,1.4556412591343433,1.571521282196045
340,2021-09-15 20:38:08.409336,0.9864713724921731,1.4561358830508064,1.6238133907318115
341,2021-09-15 20:38:09.726522,0.9868688254761906,1.4566165324180358,1.620037317276001
342,2021-09-15 20:38:11.057805,0.9872295912246258,1.457064976469118,1.6099843978881836
343,2021-09-15 20:38:12.502864,0.9876026745787863,1.4578584436077417,1.7292242050170898
344,2021-09-15 20:38:13.404961,0.987657007089881,1.4573801686597425,1.2933318614959717
345,2021-09-15 20:38:14.951882,0.987737030222796,1.4575494800788769,1.5157926082611084
346,2021-09-15 20:38:16.109750,0.9876138281960019,1.457209587097168,1.3399465084075928
347,2021-09-15 20:38:17.691910,0.9876702573869689,1.4575849891739552,1.5874741077423096
348,2021-09-15 20:38:19.053934,0.9880239531911653,1.4580433368682861,1.6170899868011475
349,2021-09-15 20:38:20.290408,0.9883814787113222,1.4582355780724467,1.5251355171203613
350,2021-09-15 20:38:21.364227,0.988444812638419,1.4576905005318779,1.267458438873291
351,2021-09-15 20:38:22.888598,0.9882051795296519,1.4576959019033318,1.4595863819122314
352,2021-09-15 20:38:24.280593,0.9885292046449401,1.4581431665203788,1.6151330471038818
353,2021-09-15 20:38:25.398973,0.988335737087909,1.4580414180377388,1.4222259521484375
354,2021-09-15 20:38:26.813862,0.9887563939821922,1.4584525311734042,1.6035754680633545
355,2021-09-15 20:38:28.005437,0.9888567729735038,1.4584609575674568,1.4614439010620117
356,2021-09-15 20:38:29.473894,0.98891736349363,1.4588414122549336,1.593902826309204
357,2021-09-15 20:38:30.469339,0.9889558309934386,1.4585445982401444,1.3528788089752197
358,2021-09-15 20:38:31.802184,0.9887218002500481,1.458276669406358,1.362626075744629
359,2021-09-15 20:38:33.158486,0.9887485756515461,1.4583395669719303,1.4808568954467773
360,2021-09-15 20:38:34.012776,0.9884869164890713,1.4572823180092707,1.0777299404144287
361,2021-09-15 20:38:35.751463,0.9884481463075675,1.4576503682334667,1.5901484489440918
362,2021-09-15 20:38:37.093442,0.9887900991334441,1.4581412649945,1.635354995727539
363,2021-09-15 20:38:38.366016,0.9891403897077913,1.4584867133253534,1.5835390090942383
364,2021-09-15 20:38:39.729869,0.9895132216778431,1.4589440514753154,1.624957799911499
365,2021-09-15 20:38:40.788507,0.9891006926967673,1.4586317454298883,1.3449523448944092
366,2021-09-15 20:38:41.887051,0.9891208351635542,1.4579180746130604,1.1974282264709473
367,2021-09-15 20:38:43.561884,0.9893974166475135,1.4583981751745987,1.6341149806976318
368,2021-09-15 20:38:44.663761,0.9897419946349185,1.4583231191272321,1.4307775497436523
369,2021-09-15 20:38:46.066987,0.9896565588509164,1.4584472069572303,1.5041115283966064
370,2021-09-15 20:38:47.348136,0.9897104024887085,1.4586905898274602,1.5484988689422607
371,2021-09-15 20:38:48.781312,0.9900378339052843,1.4592047714480172,1.6494519710540771
372,2021-09-15 20:38:49.840974,0.9898501929416451,1.4590256162869033,1.3925590515136719
373,2021-09-15 20:38:51.231015,0.9899645970270398,1.4592830514779997,1.555048942565918
374,2021-09-15 20:38:52.340681,0.9896722043899291,1.4591795135946835,1.4205598831176758
375,2021-09-15 20:38:53.750734,0.9900177726745606,1.4595184993743897,1.586299180984497
376,2021-09-15 20:38:55.195299,0.9903750292798306,1.460231378991553,1.7275612354278564
377,2021-09-15 20:38:56.226978,0.9904202093180041,1.4601113056314403,1.414963722229004
378,2021-09-15 20:38:57.721384,0.990470564554608,1.4604279402071836,1.5797991752624512
379,2021-09-15 20:38:58.828574,0.9902686041074567,1.4604369474275132,1.4638416767120361
380,2021-09-15 20:39:00.156177,0.9904529791129263,1.4606837253821523,1.5542125701904297
381,2021-09-15 20:39:01.740344,0.9907901111863103,1.4616201236804953,1.8174514770507812
382,2021-09-15 20:39:02.921037,0.9908461589463718,1.4621404259616793,1.6603755950927734
383,2021-09-15 20:39:04.281335,0.9906847862910976,1.4627421804881282,1.6926124095916748
384,2021-09-15 20:39:05.359003,0.9904789142310619,1.4626862245301406,1.4412550926208496
385,2021-09-15 20:39:06.450648,0.9905251831203312,1.4622611832309078,1.2990453243255615
386,2021-09-15 20:39:07.969005,0.9908482713402862,1.4623186520344236,1.4844441413879395
387,2021-09-15 20:39:09.184317,0.9908984200282922,1.4620747535419711,1.3679299354553223
388,2021-09-15 20:39:10.937089,0.9919863693492929,1.463176541721698,1.889568567276001
389,2021-09-15 20:39:11.770488,0.9920235446302321,1.4632266248099908,1.482658863067627
390,2021-09-15 20:39:12.589125,0.9918101151784261,1.4620050222445757,0.9868016242980957
391,2021-09-15 20:39:14.355065,0.9916527881036938,1.4621632574769237,1.5238749980926514
392,2021-09-15 20:39:15.595587,0.9913281105002578,1.4620927122174476,1.434509515762329
393,2021-09-15 20:39:16.845872,0.9910837615112615,1.4620823750969107,1.4580302238464355
394,2021-09-15 20:39:18.191744,0.9911035825758416,1.462228601959151,1.51969575881958
395,2021-09-15 20:39:19.126977,0.9907001332391666,1.4616313584243195,1.2263174057006836
396,2021-09-15 20:39:20.940037,0.9909908271799184,1.462516967094306,1.8123323917388916
397,2021-09-15 20:39:21.875302,0.990942504604157,1.4626574324120203,1.5182816982269287
398,2021-09-15 20:39:23.161116,0.9909858296264955,1.4628060079699186,1.5217905044555664
399,2021-09-15 20:39:24.521207,0.9912812183972887,1.4630232616175984,1.549490213394165
400,2021-09-15 20:39:25.970079,0.9915796351432801,1.4635317116975783,1.6664032936096191
401,2021-09-15 20:39:27.120244,0.9916439882834951,1.4636102454026143,1.4950237274169922
402,2021-09-15 20:39:28.272301,0.9916841598292488,1.4632230463312632,1.3079562187194824
403,2021-09-15 20:39:29.481612,0.9914488904825215,1.4627661432876777,1.2790911197662354
404,2021-09-15 20:39:30.870679,0.9914521114660961,1.4626846018404063,1.429823398590088
405,2021-09-15 20:39:32.390626,0.9917354377699487,1.4633100303602806,1.7159831523895264
406,2021-09-15 20:39:33.328366,0.9917709862657369,1.4630209413068047,1.3459398746490479
407,2021-09-15 20:39:34.802411,0.9918306770137253,1.4631059872723329,1.4976346492767334
408,2021-09-15 20:39:35.901483,0.9916341924199871,1.462862360126832,1.363706111907959
409,2021-09-15 20:39:37.227238,0.9916179681465503,1.462864631545573,1.4637913703918457
410,2021-09-15 20:39:38.582618,0.9919127324732339,1.4631539356417773,1.5814793109893799
411,2021-09-15 20:39:39.765424,0.9915193710884038,1.4630984047613584,1.4403307437896729
412,2021-09-15 20:39:41.067693,0.9918140612759636,1.4632055099728039,1.507225751876831
413,2021-09-15 20:39:42.531550,0.9921247693586003,1.4636546387799427,1.648695707321167
414,2021-09-15 20:39:43.919207,0.9924075177326295,1.4642205169235452,1.6979281902313232
415,2021-09-15 20:39:44.955349,0.9924627533878189,1.4640901037009366,1.4100990295410156
416,2021-09-15 20:39:46.357177,0.9925187768844458,1.4641244938740363,1.4783964157104492
417,2021-09-15 20:39:47.592039,0.99281595136336,1.4641675371632015,1.4820735454559326
418,2021-09-15 20:39:48.744453,0.9925154487482098,1.4637992039821934,1.310204267501831
419,2021-09-15 20:39:50.085683,0.9923244336339909,1.4636908248955993,1.4183883666992188
420,2021-09-15 20:39:51.577027,0.9924778506869362,1.4642110784848532,1.6821973323822021
421,2021-09-15 20:39:52.310501,0.9925334980255635,1.4633139578576893,1.0865232944488525
422,2021-09-15 20:39:54.047814,0.9928431104144779,1.4633898989284209,1.495361089706421
423,2021-09-15 20:39:55.425482,0.9926808128402025,1.463557848129994,1.5344324111938477
424,2021-09-15 20:39:56.666734,0.9926708059490852,1.46369140159409,1.5201845169067383
425,2021-09-15 20:39:58.095265,0.9929489932340734,1.4641039814668544,1.639037847518921
426,2021-09-15 20:39:59.393526,0.9932349069577427,1.4644514719645183,1.6121349334716797
427,2021-09-15 20:40:00.455602,0.9929162914356526,1.4641696005291904,1.3440923690795898
428,2021-09-15 20:40:01.766489,0.9929482067856833,1.4640638243372195,1.4188973903656006
429,2021-09-15 20:40:03.137653,0.9929872353871664,1.464292136105624,1.562009572982788
430,2021-09-15 20:40:04.348945,0.9930168140766232,1.4642354183418806,1.4399034976959229
431,2021-09-15 20:40:05.826712,0.993278754559581,1.4647469548227616,1.6847076416015625
432,2021-09-15 20:40:06.838288,0.9933280812369453,1.46454323331515,1.376739263534546
433,2021-09-15 20:40:07.891313,0.9931299570801627,1.46368700472367,1.0937962532043457
434,2021-09-15 20:40:09.771468,0.9933946379868116,1.4643239584935974,1.7401249408721924
435,2021-09-15 20:40:10.736386,0.9934472160777826,1.4641418237795776,1.3850953578948975
436,2021-09-15 20:40:12.323941,0.99348764736718,1.4645371880006353,1.6365206241607666
437,2021-09-15 20:40:13.441955,0.9935638031643097,1.4646604361195859,1.5183966159820557
438,2021-09-15 20:40:14.998012,0.9938351999134778,1.4653076434244303,1.7481372356414795
439,2021-09-15 20:40:16.083974,0.9938704940344044,1.4653970548938238,1.5045592784881592
440,2021-09-15 20:40:17.228091,0.9936597558585081,1.4652765073559502,1.4123561382293701
441,2021-09-15 20:40:18.663528,0.9939057140393592,1.46560632182357,1.610724687576294
442,2021-09-15 20:40:19.758631,0.9941988147761487,1.4654607130930974,1.401247262954712
443,2021-09-15 20:40:21.099162,0.9939968715133839,1.4653131143772307,1.4000744819641113
444,2021-09-15 20:40:22.165227,0.9940456253988249,1.4648121557794176,1.2428874969482422
445,2021-09-15 20:40:23.622278,0.9943284704444114,1.464832073383117,1.4736754894256592
446,2021-09-15 20:40:24.888087,0.9941272970806857,1.4646871132700967,1.4001798629760742
447,2021-09-15 20:40:26.211483,0.9941451725543745,1.464736806732963,1.4869000911712646
448,2021-09-15 20:40:27.542339,0.9944119166050639,1.4650266489812307,1.5945861339569092
449,2021-09-15 20:40:28.758078,0.9947016037386616,1.4650859174324835,1.49163818359375
450,2021-09-15 20:40:30.166641,0.9947625589370728,1.4653195826212566,1.570235252380371
451,2021-09-15 20:40:31.267861,0.9945526635831845,1.4651726375926624,1.3990473747253418
452,2021-09-15 20:40:32.443206,0.9946039366511117,1.4647674307359004,1.2820191383361816
453,2021-09-15 20:40:33.776000,0.994633306730662,1.4645751769969007,1.3776764869689941
454,2021-09-15 20:40:35.038031,0.9946499185940243,1.4644463907779577,1.4061062335968018
455,2021-09-15 20:40:36.490925,0.9948931583991417,1.4648069444593492,1.6284983158111572
456,2021-09-15 20:40:37.853320,0.9949312952526829,1.46525163817824,1.6675872802734375
457,2021-09-15 20:40:39.019281,0.9949587007059311,1.4653336845289435,1.502746820449829
458,2021-09-15 20:40:40.432395,0.9950065295248574,1.4656083188202704,1.591116189956665
459,2021-09-15 20:40:41.583973,0.994895785982053,1.465725108688953,1.5192148685455322
460,2021-09-15 20:40:42.963649,0.9949221740598264,1.4659192074900087,1.5550105571746826
461,2021-09-15 20:40:43.839849,0.9949626638160093,1.4653505332557861,1.2037603855133057
462,2021-09-15 20:40:45.668715,0.9952214213160725,1.4658613266882958,1.7013370990753174
463,2021-09-15 20:40:46.902028,0.995263547670764,1.4661691111570816,1.608365535736084
464,2021-09-15 20:40:48.379645,0.9955163120195784,1.4667758838883762,1.7477116584777832
465,2021-09-15 20:40:49.124878,0.9953830657466766,1.4661263706863568,1.1647522449493408
466,2021-09-15 20:40:50.871522,0.9955301791301613,1.4663668349065495,1.5781826972961426
467,2021-09-15 20:40:52.251273,0.9957765904943233,1.46670721225616,1.6253230571746826
468,2021-09-15 20:40:53.551320,0.9960392540336674,1.4669936411401145,1.6007559299468994
469,2021-09-15 20:40:54.904718,0.996290238935556,1.46731778553554,1.6190173625946045
470,2021-09-15 20:40:56.366565,0.9965659369813635,1.4679476088665901,1.7633347511291504
471,2021-09-15 20:40:57.338242,0.9966058999363278,1.4677953628977394,1.3962397575378418
472,2021-09-15 20:40:58.797793,0.9966502027996516,1.4679156844898806,1.5245871543884277
473,2021-09-15 20:41:00.017353,0.9969116925689181,1.4679928269497184,1.504404067993164
474,2021-09-15 20:41:01.424850,0.9969603909721857,1.4682554152444445,1.5924596786499023
475,2021-09-15 20:41:02.544492,0.9968828417125501,1.4682919115769235,1.485591173171997
476,2021-09-15 20:41:03.884194,0.9967075671468463,1.4683379320537342,1.4901976585388184
477,2021-09-15 20:41:05.256484,0.9969455456083925,1.4686695104874905,1.6265008449554443
478,2021-09-15 20:41:06.523262,0.9971907303423063,1.468870727088162,1.5648510456085205
479,2021-09-15 20:41:07.699997,0.9972913972022389,1.468774476479389,1.4227666854858398
480,2021-09-15 20:41:09.110740,0.9972252676884333,1.4689355085293452,1.546069860458374
481,2021-09-15 20:41:10.524424,0.9974769519916938,1.4693743672043766,1.6800265312194824
482,2021-09-15 20:41:11.656986,0.9975020845895981,1.4693848666313774,1.4744350910186768
483,2021-09-15 20:41:12.806815,0.997329362430928,1.469037766288773,1.3017354011535645
484,2021-09-15 20:41:14.192625,0.9971806796129085,1.469033044724425,1.466752529144287
485,2021-09-15 20:41:15.479774,0.9972529460474387,1.4691318158021907,1.516937017440796
486,2021-09-15 20:41:17.065382,0.9974972765141554,1.4697357489738936,1.7626433372497559
487,2021-09-15 20:41:18.294544,0.997528155971112,1.470130125844748,1.661797285079956
488,2021-09-15 20:41:19.446903,0.99735738898887,1.470165798898603,1.4875385761260986
489,2021-09-15 20:41:20.715338,0.9976006617087771,1.4702771412082976,1.5246121883392334
490,2021-09-15 20:41:22.144410,0.9978507338737955,1.470582998042204,1.6201469898223877
491,2021-09-15 20:41:23.280348,0.9980852016363513,1.4704889731591686,1.4244167804718018
492,2021-09-15 20:41:24.723765,0.9981514990814333,1.4706369943735076,1.5433154106140137
493,2021-09-15 20:41:25.934009,0.9984050856158893,1.4707569868037473,1.5297932624816895
494,2021-09-15 20:41:27.287569,0.998434563397396,1.4708998724516587,1.5413424968719482
495,2021-09-15 20:41:28.429458,0.9982335798668139,1.4708522734015879,1.447338342666626
496,2021-09-15 20:41:29.870952,0.9984558181416604,1.4712372306854493,1.6617910861968994
497,2021-09-15 20:41:30.931223,0.9985107075520444,1.4710822844169509,1.3942289352416992
498,2021-09-15 20:41:32.292465,0.9984142430814873,1.4709864285097543,1.4233460426330566
499,2021-09-15 20:41:33.604430,0.9984432337040414,1.471054456515876,1.5049324035644531
500,2021-09-15 20:41:35.053288,0.9986704082489014,1.4713594279289246,1.6235401630401611
501,2021-09-15 20:41:36.113708,0.998344944860645,1.471123691566452,1.3532555103302002
502,2021-09-15 20:41:37.341194,0.9983714258528326,1.470891251032096,1.3544385433197021
503,2021-09-15 20:41:38.723844,0.9981915519441336,1.4709674401975295,1.5092144012451172
504,2021-09-15 20:41:40.001506,0.9980268024262928,1.471148076038512,1.5620079040527344
505,2021-09-15 20:41:41.215486,0.9980411156569376,1.471282435407733,1.5389995574951172
506,2021-09-15 20:41:42.601053,0.9982629595066719,1.4715272296558728,1.5951483249664307
507,2021-09-15 20:41:43.934683,0.9983045358864748,1.4717785404513808,1.5989418029785156
508,2021-09-15 20:41:45.002325,0.9980324117217477,1.471521799489269,1.3413541316986084
509,2021-09-15 20:41:46.419043,0.9980599575754702,1.4716198505259217,1.5214297771453857
510,2021-09-15 20:41:47.687017,0.9980815532160741,1.4717945468192006,1.5607149600982666
511,2021-09-15 20:41:48.770361,0.9977740499604705,1.4715015981528623,1.3220977783203125
512,2021-09-15 20:41:50.126674,0.9978091516532004,1.4714516350068152,1.445920467376709
513,2021-09-15 20:41:51.461235,0.9980411222803662,1.4716063075595431,1.5507986545562744
514,2021-09-15 20:41:53.033229,0.9982709926389999,1.4722260194993668,1.7901382446289062
515,2021-09-15 20:41:54.025927,0.9983016495565766,1.4721915934849712,1.4544966220855713
516,2021-09-15 20:41:55.335337,0.9981625745462817,1.472124413926472,1.4375269412994385
517,2021-09-15 20:41:56.785589,0.9983882189258155,1.4724626384344046,1.646986484527588
518,2021-09-15 20:41:58.089316,0.998614037359083,1.472753154264914,1.6229498386383057
519,2021-09-15 20:41:59.258557,0.9988289375525679,1.4727266569817457,1.459001064300537
520,2021-09-15 20:42:00.557482,0.998515836092142,1.4726387386138622,1.427009105682373
521,2021-09-15 20:42:01.996983,0.9987314923482298,1.4729524811947872,1.6360986232757568
522,2021-09-15 20:42:03.459769,0.9990233840613529,1.473549259576761,1.784470796585083
523,2021-09-15 20:42:04.498686,0.9990512659171343,1.473565828275954,1.4822146892547607
524,2021-09-15 20:42:05.795178,0.9992735485994179,1.473698903131121,1.5432970523834229
525,2021-09-15 20:42:06.954382,0.9994947864895776,1.4735117653438023,1.3754515647888184
526,2021-09-15 20:42:08.482101,0.9995603824296379,1.473709571950789,1.5775580406188965
527,2021-09-15 20:42:09.573704,0.9995865473484857,1.4736379097715953,1.435943603515625
528,2021-09-15 20:42:10.988729,0.999603834567648,1.4737164974212646,1.515132188796997
529,2021-09-15 20:42:12.031954,0.9996139890530159,1.473433473385124,1.3239967823028564
530,2021-09-15 20:42:13.526464,0.9996303747285087,1.4734723347537921,1.4940299987792969
531,2021-09-15 20:42:15.086215,0.9998505928197599,1.4741407186073547,1.8283841609954834
532,2021-09-15 20:42:15.797532,1.000068173372656,1.4736386129730625,1.2070205211639404
533,2021-09-15 20:42:17.551378,1.0003248781916347,1.4739296910463087,1.6287832260131836
534,2021-09-15 20:42:18.901104,1.0005525752399744,1.474269148562285,1.6552000045776367
535,2021-09-15 20:42:20.202310,1.0007630526462448,1.4745343226138676,1.6161372661590576
536,2021-09-15 20:42:21.556061,1.0009990543571872,1.4748670516619042,1.6528770923614502
537,2021-09-15 20:42:22.814706,1.0012602965924993,1.4750503898776888,1.573319673538208
538,2021-09-15 20:42:24.057372,1.0014802558714573,1.475059686540228,1.4800519943237305
539,2021-09-15 20:42:25.311783,1.0013216798071074,1.4749324025382358,1.4064536094665527
540,2021-09-15 20:42:26.581255,1.001356143863113,1.474888367123074,1.45115327835083
541,2021-09-15 20:42:28.172375,1.0015645106486604,1.4754996132277738,1.805572509765625
542,2021-09-15 20:42:29.249444,1.0015801094554888,1.4756392957539577,1.5512075424194336
543,2021-09-15 20:42:30.545692,1.001777708640195,1.4758936665115217,1.613762617111206
544,2021-09-15 20:42:31.956127,1.0020079047364348,1.4763247730100857,1.7104156017303467
545,2021-09-15 20:42:33.090036,1.001847904537796,1.476370496924864,1.501244306564331
546,2021-09-15 20:42:34.517399,1.0020597247413663,1.4767845126735422,1.702423095703125
547,2021-09-15 20:42:35.667748,1.0020897205394625,1.4768739932197976,1.5257303714752197
548,2021-09-15 20:42:37.198206,1.0023044017109557,1.4773233885312602,1.7231426239013672
549,2021-09-15 20:42:38.237678,1.0023216992779507,1.477230029462248,1.4260692596435547
550,2021-09-15 20:42:39.726768,1.002349647175182,1.4774330993132159,1.5889184474945068
551,2021-09-15 20:42:40.751027,1.0023600661386811,1.4772380008455197,1.369933843612671
552,2021-09-15 20:42:41.959402,1.002389059982438,1.4768504707709602,1.2633213996887207
553,2021-09-15 20:42:43.222769,1.0023982188585223,1.4765067139327204,1.2867529392242432
554,2021-09-15 20:42:44.707490,1.0025998835959589,1.4766322017146363,1.5460269451141357
555,2021-09-15 20:42:45.984491,1.00273038503286,1.4768451518840617,1.5948195457458496
556,2021-09-15 20:42:47.151720,1.0028228566800947,1.4767608814102282,1.4299907684326172
557,2021-09-15 20:42:48.381476,1.0028389099470374,1.4764956289390687,1.3290152549743652
558,2021-09-15 20:42:49.810305,1.0027507428200013,1.476572324725462,1.519291877746582
559,2021-09-15 20:42:50.743357,1.002587238236702,1.4761384625341043,1.2340433597564697
560,2021-09-15 20:42:52.370349,1.0027791078601564,1.476420413170542,1.634030818939209
561,2021-09-15 20:42:53.600196,1.003014395793704,1.476517283342739,1.5307645797729492
562,2021-09-15 20:42:55.117967,1.0032256964686928,1.4769581899948392,1.7243068218231201
563,2021-09-15 20:42:56.347430,1.0031009203163812,1.477207896976234,1.6175432205200195
564,2021-09-15 20:42:57.860781,1.0033106571393655,1.4777871645088736,1.8039147853851318
565,2021-09-15 20:42:59.058081,1.0033420280017684,1.4781293257147865,1.6711082458496094
566,2021-09-15 20:43:00.129143,1.0032204107345204,1.478009329667782,1.4102115631103516
567,2021-09-15 20:43:01.529766,1.003254312266328,1.4780133527422707,1.480290412902832
568,2021-09-15 20:43:02.749649,1.0034675056665716,1.4780029616725276,1.4721112251281738
569,2021-09-15 20:43:04.218989,1.003480175467493,1.4782211776357963,1.6021678447723389
570,2021-09-15 20:43:05.293756,1.0034835116905079,1.478157997549626,1.4422085285186768
571,2021-09-15 20:43:06.614080,1.0033346550268383,1.478099531968713,1.4447741508483887
572,2021-09-15 20:43:08.048672,1.0035276854788506,1.4783895911870304,1.6440134048461914
573,2021-09-15 20:43:09.308032,1.0037250452224704,1.478551525512083,1.5711779594421387
574,2021-09-15 20:43:10.625742,1.003773789787957,1.4786995616108698,1.5635242462158203
575,2021-09-15 20:43:12.130591,1.003963399140731,1.4791365975918978,1.7299952507019043
576,2021-09-15 20:43:13.389152,1.0039889332320955,1.479463253584173,1.667290449142456
577,2021-09-15 20:43:14.401546,1.004194279477336,1.4792347685716387,1.3476274013519287
578,2021-09-15 20:43:15.937717,1.004143655093896,1.479284822734582,1.5081660747528076
579,2021-09-15 20:43:17.198375,1.0042611967920227,1.479380403363849,1.5346260070800781
580,2021-09-15 20:43:18.701467,1.004447762719516,1.4798417679194746,1.746971845626831
581,2021-09-15 20:43:19.712847,1.0044614706515445,1.4797544200325996,1.4290926456451416
582,2021-09-15 20:43:21.237921,1.0044845686745398,1.4800114422729336,1.6293413639068604
583,2021-09-15 20:43:22.345580,1.0045102902178495,1.4800611879567953,1.5090131759643555
584,2021-09-15 20:43:23.723194,1.004535193720909,1.480185815732773,1.5528438091278076
585,2021-09-15 20:43:24.671148,1.0045416000561835,1.4798170240516337,1.2644426822662354
586,2021-09-15 20:43:26.446902,1.0047410372581091,1.4802222825561366,1.7172985076904297
587,2021-09-15 20:43:27.509496,1.0046359046760571,1.4801762944795,1.4532272815704346
588,2021-09-15 20:43:28.927609,1.0045189257381724,1.480263049505195,1.5311882495880127
589,2021-09-15 20:43:30.337842,1.0047501995527077,1.48066011268538,1.7141332626342773
590,2021-09-15 20:43:31.416801,1.004772189107992,1.4806291846905724,1.4624125957489014
591,2021-09-15 20:43:32.743857,1.0046216199039002,1.4805971660388102,1.4617061614990234
592,2021-09-15 20:43:33.903730,1.0048066135999318,1.4804382916237857,1.3865435123443604
593,2021-09-15 20:43:35.347326,1.0048229770756893,1.4804684959012782,1.4983494281768799
594,2021-09-15 20:43:36.732049,1.0049891158787891,1.4807415245357989,1.6426475048065186
595,2021-09-15 20:43:37.929908,1.0051849557572052,1.4808229286129735,1.529176950454712
596,2021-09-15 20:43:39.323222,1.005370349291987,1.4809939993307895,1.5827810764312744
597,2021-09-15 20:43:40.520953,1.005215430778874,1.4809430923493863,1.4506025314331055
598,2021-09-15 20:43:41.783501,1.0053891768822303,1.4809360683562365,1.4767427444458008
599,2021-09-15 20:43:43.059231,1.0054045985258482,1.4808496680602008,1.4291822910308838
600,2021-09-15 20:43:44.211162,1.0055760419368744,1.4806236664454142,1.3452486991882324
601,2021-09-15 20:43:45.733833,1.0057704028194636,1.4807386822787776,1.549748182296753
602,2021-09-15 20:43:47.101056,1.0059495712831568,1.480902174778555,1.5791611671447754
603,2021-09-15 20:43:48.302032,1.0061437735707803,1.4808609390733254,1.4560370445251465
604,2021-09-15 20:43:49.786174,1.0061500222477693,1.4810606312278092,1.6014750003814697
605,2021-09-15 20:43:50.842339,1.006153364812047,1.4809722053117989,1.427562952041626
606,2021-09-15 20:43:52.142559,1.0061845295500047,1.480832836808938,1.396514892578125
607,2021-09-15 20:43:53.088460,1.0061254729156244,1.4802299543503286,1.1148831844329834
608,2021-09-15 20:43:54.961998,1.006301368537702,1.4806862500937361,1.757657766342163
609,2021-09-15 20:43:56.156381,1.006314227929452,1.4809230920324967,1.6249229907989502
610,2021-09-15 20:43:57.390937,1.0063166919301767,1.4811560595621829,1.6230332851409912
611,2021-09-15 20:43:58.709036,1.0065303340481073,1.4813788452242087,1.6172780990600586
612,2021-09-15 20:43:59.781267,1.0067030666700376,1.4811752173635695,1.3567585945129395
613,2021-09-15 20:44:01.334619,1.0067134436347551,1.4813341682147825,1.5786120891571045
614,2021-09-15 20:44:02.574253,1.0067092739409655,1.4814971782485515,1.5814223289489746
615,2021-09-15 20:44:04.019611,1.0068828121433413,1.4818547004606666,1.7013733386993408
616,2021-09-15 20:44:05.186967,1.0068944619073497,1.4819452774215054,1.5376501083374023
617,2021-09-15 20:44:06.597025,1.0070790730573755,1.4821764367905776,1.624570608139038
618,2021-09-15 20:44:08.003438,1.0072563134350823,1.4825194676717122,1.694169521331787
619,2021-09-15 20:44:08.961967,1.0071544308269544,1.4822802670745356,1.3344542980194092
620,2021-09-15 20:44:10.659348,1.0073293912795283,1.4826090578109987,1.6861305236816406
621,2021-09-15 20:44:11.638924,1.0073578764659004,1.4823862941944657,1.3442728519439697
622,2021-09-15 20:44:13.054999,1.0073633864761549,1.482286630719421,1.4203956127166748
623,2021-09-15 20:44:14.103875,1.007535355431693,1.481899984766928,1.2414062023162842
624,2021-09-15 20:44:15.337322,1.0074673348512404,1.481360335762684,1.1451590061187744
625,2021-09-15 20:44:17.152407,1.0076403358459474,1.4815911540985107,1.6256217956542969
626,2021-09-15 20:44:18.111436,1.0078124862890274,1.4812300384235078,1.2555327415466309
627,2021-09-15 20:44:19.654319,1.0076808758329547,1.4812098119817851,1.468548059463501
628,2021-09-15 20:44:21.048577,1.0078398391699335,1.4814393383682154,1.625352382659912
629,2021-09-15 20:44:22.360522,1.0080363299395587,1.4816721293050648,1.6278648376464844
630,2021-09-15 20:44:23.289480,1.0082157237189158,1.481251861557128,1.2169034481048584
631,2021-09-15 20:44:24.928527,1.0082889952107956,1.4813353716854816,1.5339467525482178
632,2021-09-15 20:44:26.424774,1.008486558742161,1.4816817445091055,1.7002429962158203
633,2021-09-15 20:44:27.528086,1.0085050381755376,1.4816469697967336,1.4596693515777588
634,2021-09-15 20:44:29.004540,1.008508758966103,1.481832970580092,1.5995714664459229
635,2021-09-15 20:44:30.061835,1.0084029415461022,1.4817350518985057,1.4196546077728271
636,2021-09-15 20:44:31.734846,1.0088418024890828,1.4821954691934887,1.7745604515075684
637,2021-09-15 20:44:32.627211,1.0087109371856018,1.4821233352649155,1.4362461566925049
638,2021-09-15 20:44:34.062309,1.0088655488991811,1.4823634276943147,1.6353023052215576
639,2021-09-15 20:44:35.133664,1.0090338333111974,1.4822045965746908,1.3808703422546387
640,2021-09-15 20:44:36.507172,1.0088741891086102,1.4821112431585788,1.4224584102630615
641,2021-09-15 20:44:37.871761,1.0090225646722708,1.4822179385912773,1.5505030155181885
642,2021-09-15 20:44:39.327266,1.0093260836378437,1.4825316704693614,1.683633804321289
643,2021-09-15 20:44:40.635066,1.0094890238523113,1.4828062365251604,1.6590776443481445
644,2021-09-15 20:44:41.902950,1.0096638295221032,1.4829949381188576,1.604330062866211
645,2021-09-15 20:44:43.257924,1.0098278788633124,1.4832088089728541,1.6209416389465332
646,2021-09-15 20:44:44.539984,1.010006073827714,1.4833578808757912,1.5795092582702637
647,2021-09-15 20:44:46.026358,1.0101690723501733,1.4837338614869156,1.7266173362731934
648,2021-09-15 20:44:47.043466,1.0101833523791512,1.4836289297651362,1.4157381057739258
649,2021-09-15 20:44:48.484675,1.0101921642873615,1.4836896571613423,1.523041009902954
650,2021-09-15 20:44:49.681045,1.0101995453467736,1.483703775039086,1.4928662776947021
651,2021-09-15 20:44:50.679993,1.0100455163261308,1.4832029214469336,1.1576480865478516
652,2021-09-15 20:44:52.471776,1.010184070815338,1.483568228095587,1.7213828563690186
653,2021-09-15 20:44:53.571339,1.010197959669151,1.4835861028609925,1.4952404499053955
654,2021-09-15 20:44:54.784550,1.0102168084649135,1.483427449832998,1.3798270225524902
655,2021-09-15 20:44:56.129625,1.010218994490063,1.48343050971286,1.4854316711425781
656,2021-09-15 20:44:57.494936,1.0103890586916993,1.4836521853760976,1.628849744796753
657,2021-09-15 20:44:58.916200,1.0105481917092427,1.4840025440924425,1.7138378620147705
658,2021-09-15 20:44:59.873690,1.0105632097887776,1.4837977262978133,1.3492324352264404
659,2021-09-15 20:45:00.869325,1.0104199743777378,1.4830836001585757,1.0131886005401611
660,2021-09-15 20:45:02.675259,1.0105830868085226,1.4832390973062226,1.5857117176055908
661,2021-09-15 20:45:04.025315,1.0107587462293939,1.4834343185944203,1.6122803688049316
662,2021-09-15 20:45:05.422931,1.0109163295826522,1.4837135786016182,1.668304443359375
663,2021-09-15 20:45:06.558557,1.010938047104112,1.4837145654324493,1.484367847442627
664,2021-09-15 20:45:07.975727,1.0109399427850563,1.483827355755381,1.5586073398590088
665,2021-09-15 20:45:09.202454,1.0109381894419964,1.4839277285382264,1.5505752563476562
666,2021-09-15 20:45:10.704387,1.0111085921078473,1.4843021212397396,1.7332732677459717
667,2021-09-15 20:45:11.816799,1.0110032097331767,1.4843402026832728,1.509702444076538
668,2021-09-15 20:45:12.982101,1.0110219642073808,1.4841378134881664,1.3491442203521729
669,2021-09-15 20:45:14.312057,1.0108693697349196,1.4840737162505921,1.4412567615509033
670,2021-09-15 20:45:15.398969,1.0108704342770933,1.4837974982475166,1.2990076541900635
671,2021-09-15 20:45:16.910962,1.0108816243497163,1.4838049202135886,1.4887776374816895
672,2021-09-15 20:45:18.372324,1.010884210112549,1.483996821301324,1.612762451171875
673,2021-09-15 20:45:19.515697,1.0108719658532788,1.484048164262814,1.5185506343841553
674,2021-09-15 20:45:21.015425,1.0110351038262115,1.4843695704944055,1.7006759643554688
675,2021-09-15 20:45:21.942692,1.0109248249619096,1.4840848739058883,1.2921993732452393
676,2021-09-15 20:45:23.680793,1.0110785446223423,1.4843989145120926,1.6963763236999512
677,2021-09-15 20:45:24.783950,1.0110841748281278,1.4843774954712725,1.4698982238769531
678,2021-09-15 20:45:26.137947,1.0110883192326818,1.4843919453016072,1.4941744804382324
679,2021-09-15 20:45:27.085813,1.0112416740720858,1.4839929554704714,1.2134778499603271
680,2021-09-15 20:45:28.664383,1.0114155085647807,1.4839799397131976,1.475142240524292
681,2021-09-15 20:45:30.176222,1.0114388444875306,1.4842309720715763,1.654932975769043
682,2021-09-15 20:45:31.373013,1.0114418761121913,1.484410821867129,1.6068885326385498
683,2021-09-15 20:45:32.448039,1.0113275483970585,1.4843713458774728,1.4574487209320068
684,2021-09-15 20:45:33.639037,1.011335806191316,1.48412698577022,1.3172290325164795
685,2021-09-15 20:45:35.102152,1.0113312449768512,1.4842136226431297,1.543473243713379
686,2021-09-15 20:45:36.162827,1.0111691618104717,1.4840450662218099,1.3685839176177979
687,2021-09-15 20:45:37.533137,1.0111494449548846,1.4840741209588197,1.5040056705474854
688,2021-09-15 20:45:38.860354,1.011278969257377,1.484247936065807,1.60365891456604
689,2021-09-15 20:45:40.172666,1.0114333363160686,1.4844172949022756,1.6009361743927002
690,2021-09-15 20:45:41.271623,1.0116003658460535,1.484262102237646,1.3773343563079834
691,2021-09-15 20:45:42.199365,1.0114636586819992,1.4835159085076384,0.9686422348022461
692,2021-09-15 20:45:44.132173,1.0116157621317516,1.4837834028839376,1.6686220169067383
693,2021-09-15 20:45:45.248750,1.0116184628199016,1.4837409909841475,1.4543919563293457
694,2021-09-15 20:45:46.601379,1.011633632506005,1.4837419285897906,1.484391689300537
695,2021-09-15 20:45:47.810481,1.0116491262861294,1.483701495644,1.4556410312652588
696,2021-09-15 20:45:48.797909,1.011506428663758,1.4831705398258122,1.1141562461853027
697,2021-09-15 20:45:50.537316,1.0116538159987505,1.4833677328128896,1.6206140518188477
698,2021-09-15 20:45:51.810098,1.0118111833118777,1.4834923850089567,1.5703749656677246
699,2021-09-15 20:45:53.017048,1.0119648515240147,1.4834342903333673,1.4428842067718506
700,2021-09-15 20:45:54.536510,1.0121162291935513,1.4836472412518094,1.6324999332427979
701,2021-09-15 20:45:56.060661,1.0125527085999448,1.4842712069714121,1.9210472106933594
702,2021-09-15 20:45:57.437850,1.0127012960591548,1.4845250437402318,1.6624646186828613
703,2021-09-15 20:45:58.615302,1.0127018040647549,1.4845617750121722,1.5103471279144287
704,2021-09-15 20:46:00.058032,1.0128579844128003,1.4847667417065664,1.6288583278656006
705,2021-09-15 20:46:01.378767,1.0130246016996127,1.484964258112806,1.6240158081054688
706,2021-09-15 20:46:02.666089,1.0131756117931507,1.485081899942825,1.5680193901062012
707,2021-09-15 20:46:03.917371,1.0133270505799936,1.4850908728603596,1.4914257526397705
708,2021-09-15 20:46:05.181561,1.0133325878509694,1.4850032551813934,1.4230575561523438
709,2021-09-15 20:46:06.647679,1.0134853146476368,1.4852518497300249,1.6612567901611328
710,2021-09-15 20:46:07.769293,1.0134984442885493,1.4852106567839503,1.4560048580169678
711,2021-09-15 20:46:09.168178,1.0135019536427472,1.4852536277931954,1.5157630443572998
712,2021-09-15 20:46:10.704471,1.013643893632996,1.485724098561855,1.8202288150787354
713,2021-09-15 20:46:11.534138,1.0138025183497104,1.4855060694428346,1.3302693367004395
714,2021-09-15 20:46:12.979740,1.0136850895334024,1.4854435540047013,1.4408700466156006
715,2021-09-15 20:46:14.030657,1.0134402055006762,1.485140584065364,1.26882004737854
716,2021-09-15 20:46:15.458630,1.0133444393813278,1.485114247106307,1.4662833213806152
717,2021-09-15 20:46:16.750010,1.0133556318748613,1.4850320397061783,1.4261715412139893
718,2021-09-15 20:46:18.178707,1.0134988528440259,1.4852155543303422,1.616795539855957
719,2021-09-15 20:46:19.423934,1.0136628940141914,1.4852999785347674,1.5459165573120117
720,2021-09-15 20:46:20.601622,1.0135311126708983,1.4851501640346316,1.3774335384368896
721,2021-09-15 20:46:21.976709,1.0133872409138038,1.4851971429859219,1.519021987915039
722,2021-09-15 20:46:23.040557,1.0132372243912926,1.485011665444625,1.3512823581695557
723,2021-09-15 20:46:24.391725,1.0132204922403043,1.484992906430615,1.4714488983154297
724,2021-09-15 20:46:25.802452,1.013342774704675,1.4852184053942643,1.648254156112671
725,2021-09-15 20:46:26.908320,1.0134995740035484,1.4851631621656747,1.445167064666748
726,2021-09-15 20:46:28.285583,1.0135055153166295,1.485164185200841,1.4859058856964111
727,2021-09-15 20:46:29.464719,1.0136352733208027,1.4850832855193126,1.4263501167297363
728,2021-09-15 20:46:30.913467,1.0136377519958621,1.485176376261554,1.5528533458709717
729,2021-09-15 20:46:32.149650,1.0137837943716794,1.4852843703229404,1.563904047012329
730,2021-09-15 20:46:33.525429,1.0138049455538187,1.485463841647318,1.6162984371185303
731,2021-09-15 20:46:34.538924,1.0135665601973005,1.4852642765123443,1.3395817279815674
732,2021-09-15 20:46:36.063730,1.013503158027357,1.4854725306151344,1.6377062797546387
733,2021-09-15 20:46:37.075152,1.0134404593567894,1.485383178169698,1.4199771881103516
734,2021-09-15 20:46:38.022063,1.013454569457987,1.4848467020637657,1.0916097164154053
735,2021-09-15 20:46:39.869040,1.0135989451894956,1.4851497968037923,1.7076213359832764
736,2021-09-15 20:46:41.070660,1.0135461976346762,1.4852142055397448,1.5325546264648438
737,2021-09-15 20:46:42.403622,1.0136942931399093,1.4853440139801564,1.5808830261230469
738,2021-09-15 20:46:43.406178,1.0138055535189827,1.4850155380037096,1.2429287433624268
739,2021-09-15 20:46:44.819708,1.0136140854336089,1.4848175097221612,1.3386726379394531
740,2021-09-15 20:46:46.265999,1.0136369141372474,1.4849207907109647,1.5612454414367676
741,2021-09-15 20:46:47.328574,1.0136297225308644,1.484771989456877,1.3746590614318848
742,2021-09-15 20:46:48.680302,1.0136257063025091,1.4846508843558175,1.3949120044708252
743,2021-09-15 20:46:49.963643,1.0136091956219475,1.4845898475492947,1.439300537109375
744,2021-09-15 20:46:51.292009,1.0137059191862743,1.4846510848691385,1.5301504135131836
745,2021-09-15 20:46:52.611026,1.0136958960718756,1.484718049132584,1.5345394611358643
746,2021-09-15 20:46:54.150446,1.013821709251915,1.4850644170438956,1.7431085109710693
747,2021-09-15 20:46:55.231784,1.013813959387252,1.485076807269769,1.4943199157714844
748,2021-09-15 20:46:56.520905,1.0138020690749674,1.4850293483963624,1.4495775699615479
749,2021-09-15 20:46:57.665224,1.013669276905951,1.4848454947146936,1.347322940826416
750,2021-09-15 20:46:59.153368,1.013659982999166,1.4848974889119466,1.523841142654419
751,2021-09-15 20:47:00.345151,1.0136766351174102,1.4849017958507715,1.4881319999694824
752,2021-09-15 20:47:01.707323,1.013678346859648,1.4849527341888307,1.523207426071167
753,2021-09-15 20:47:02.831824,1.013816790435102,1.4848649299160577,1.4188361167907715
754,2021-09-15 20:47:04.267058,1.0138193122271835,1.4849190629761795,1.5256812572479248
755,2021-09-15 20:47:05.655072,1.013946062997477,1.4851707411128163,1.674936056137085
756,2021-09-15 20:47:06.875295,1.0140850692199022,1.485288853683169,1.5744638442993164
757,2021-09-15 20:47:08.180427,1.014091322570055,1.485370560712827,1.5471410751342773
758,2021-09-15 20:47:09.409473,1.0142135129440428,1.4853028184820292,1.4340219497680664
759,2021-09-15 20:47:10.753928,1.014199893622216,1.4852540775721252,1.4483084678649902
760,2021-09-15 20:47:12.082513,1.0142970568255374,1.485311921333012,1.5292153358459473
761,2021-09-15 20:47:13.423086,1.0144359203895037,1.4854213621237276,1.568596363067627
762,2021-09-15 20:47:14.841793,1.0145612172880198,1.4856296977971795,1.6441731452941895
763,2021-09-15 20:47:15.830663,1.0143507798721094,1.4853929835878226,1.3050167560577393
764,2021-09-15 20:47:17.513989,1.014759181993794,1.4857376467495065,1.7487156391143799
765,2021-09-15 20:47:18.823508,1.0151427440393983,1.4861875281614416,1.8298969268798828
766,2021-09-15 20:47:19.858546,1.0151385548220602,1.4858557378031878,1.2320361137390137
767,2021-09-15 20:47:21.586279,1.0152551046095428,1.486041019295465,1.6279666423797607
768,2021-09-15 20:47:22.891667,1.0153787580008309,1.4861947627117236,1.6041159629821777
769,2021-09-15 20:47:24.303452,1.015495253477357,1.4864527128142715,1.684558391571045
770,2021-09-15 20:47:25.481461,1.0154814388844875,1.4865112586454912,1.5315330028533936
771,2021-09-15 20:47:27.087465,1.0155980484958753,1.4869247286854705,1.8052966594696045
772,2021-09-15 20:47:28.217626,1.0155903338768322,1.4870869103490998,1.6121289730072021
773,2021-09-15 20:47:29.658669,1.0157092795797646,1.4873787382133257,1.712669849395752
774,2021-09-15 20:47:30.694203,1.0156933756145703,1.4872883025373906,1.4173815250396729
775,2021-09-15 20:47:31.679029,1.0157642887484644,1.4868393913392097,1.1393821239471436
776,2021-09-15 20:47:33.339177,1.0157572436578495,1.4868677006554358,1.5088074207305908
777,2021-09-15 20:47:34.357296,1.0158293695216627,1.4865709557036175,1.2562968730926514
778,2021-09-15 20:47:35.886819,1.015699588854086,1.4865955059203513,1.5056710243225098
779,2021-09-15 20:47:37.195883,1.0158148261793771,1.4866998660855177,1.567892074584961
780,2021-09-15 20:47:38.477256,1.015930847938244,1.4867434397721901,1.5206873416900635
781,2021-09-15 20:47:39.924883,1.0160613154632334,1.486952469077214,1.6499953269958496
782,2021-09-15 20:47:41.095395,1.016186612036527,1.4869459602229125,1.4818625450134277
783,2021-09-15 20:47:42.114616,1.0161732095715947,1.4865341198703186,1.1644749641418457
784,2021-09-15 20:47:43.569999,1.0162878948815015,1.4864115201088848,1.390415906906128
785,2021-09-15 20:47:44.931783,1.0161518865330204,1.4863380781404532,1.4287595748901367
786,2021-09-15 20:47:46.231875,1.0162727529462663,1.486351554630367,1.4969305992126465
787,2021-09-15 20:47:47.515127,1.0161338549254053,1.4862965764963036,1.4430837631225586
788,2021-09-15 20:47:48.587274,1.0161121675205715,1.4860390597188533,1.2833733558654785
789,2021-09-15 20:47:50.338594,1.0162195403917358,1.4863161916817398,1.7046961784362793
790,2021-09-15 20:47:51.472938,1.016201280038568,1.4863435881047309,1.5079593658447266
791,2021-09-15 20:47:52.903770,1.0163113232961045,1.4864973949572229,1.6080048084259033
792,2021-09-15 20:47:54.142626,1.0164311299420365,1.486544704798496,1.5239667892456055
793,2021-09-15 20:47:55.204369,1.0164206247462,1.4862476128798265,1.250950813293457
794,2021-09-15 20:47:56.417597,1.0164020469867312,1.4859261071351673,1.2309720516204834
795,2021-09-15 20:47:57.842325,1.016373465795937,1.4858437853039435,1.4204802513122559
796,2021-09-15 20:47:59.086342,1.0164830163495624,1.4857882279247494,1.441620111465454
797,2021-09-15 20:48:00.288456,1.016474336123975,1.4855831542906528,1.3223445415496826
798,2021-09-15 20:48:01.740131,1.0164526246842884,1.4856447450499188,1.5347325801849365
799,2021-09-15 20:48:02.891895,1.01654735733481,1.485596757060446,1.4473023414611816
800,2021-09-15 20:48:04.246398,1.0164032849669455,1.4855990597605706,1.4874389171600342
801,2021-09-15 20:48:05.546445,1.0165146409200223,1.4856877892502536,1.556671380996704
802,2021-09-15 20:48:07.092939,1.0166198056832216,1.486036080077402,1.765017032623291
803,2021-09-15 20:48:08.037912,1.0165974161544742,1.485905607788827,1.3812668323516846
804,2021-09-15 20:48:09.477323,1.01660308138055,1.4859364975744218,1.5107409954071045
805,2021-09-15 20:48:10.863374,1.016728985827902,1.4861545139217969,1.6614396572113037
806,2021-09-15 20:48:12.148916,1.0168335224795282,1.486294344104549,1.5988576412200928
807,2021-09-15 20:48:13.476450,1.016956375434053,1.486447530755914,1.6099159717559814
808,2021-09-15 20:48:14.744077,1.01706400277591,1.4865087819571543,1.5359385013580322
809,2021-09-15 20:48:15.927478,1.0170456322810264,1.4863870179255312,1.3880016803741455
810,2021-09-15 20:48:17.071883,1.0170099829450066,1.4861482125741463,1.292954683303833
811,2021-09-15 20:48:18.560235,1.0168335722936215,1.4862113960280225,1.5373899936676025
812,2021-09-15 20:48:19.418946,1.0167897085250892,1.4858234131277488,1.1711692810058594
813,2021-09-15 20:48:21.461910,1.0169075869692794,1.4863462750175636,1.9109101295471191
814,2021-09-15 20:48:22.645870,1.0170095019609982,1.4866737581295228,1.7529175281524658
815,2021-09-15 20:48:23.683704,1.0169942677386699,1.4866486754154136,1.466231346130371
816,2021-09-15 20:48:25.079894,1.016976987614351,1.4867028646609362,1.530867099761963
817,2021-09-15 20:48:26.346971,1.0170765054415607,1.4867936946187201,1.560910940170288
818,2021-09-15 20:48:27.669656,1.01710589211844,1.4868748534862453,1.5531816482543945
819,2021-09-15 20:48:28.783378,1.0172077544006235,1.4866901998554831,1.3356435298919678
820,2021-09-15 20:48:30.116399,1.017200642097287,1.4865245560320413,1.3508622646331787
821,2021-09-15 20:48:31.652762,1.0171903959871356,1.4867331435706526,1.6577749252319336
822,2021-09-15 20:48:32.734861,1.0171688130882244,1.4867547538738761,1.5044968128204346
823,2021-09-15 20:48:34.144706,1.0171437605328288,1.4868653037858037,1.5777373313903809
824,2021-09-15 20:48:35.414904,1.0171391003340193,1.4869068004552601,1.5210585594177246
825,2021-09-15 20:48:36.742403,1.017240095427542,1.4869421461856727,1.5160670280456543
826,2021-09-15 20:48:38.098721,1.017341498889877,1.4870029552219566,1.53717041015625
827,2021-09-15 20:48:39.503524,1.0173307817244617,1.4871500553214132,1.6086547374725342
828,2021-09-15 20:48:41.331623,1.0180527755027808,1.4879042658828883,2.1116364002227783
829,2021-09-15 20:48:42.269857,1.0179194434848136,1.4879344076241745,1.5128917694091797
830,2021-09-15 20:48:43.472940,1.0180183758218604,1.487931699637907,1.4856867790222168
831,2021-09-15 20:48:44.803041,1.018001375645937,1.4879380764370218,1.4932308197021484
832,2021-09-15 20:48:46.223199,1.0180937306812177,1.4881578529110322,1.6707921028137207
833,2021-09-15 20:48:47.322013,1.0180729852289427,1.4881102303210714,1.4484882354736328
834,2021-09-15 20:48:48.565899,1.0180517612315483,1.487957525024597,1.3607540130615234
835,2021-09-15 20:48:49.872524,1.0178999529627268,1.4878876637555882,1.4296233654022217
836,2021-09-15 20:48:51.323000,1.0178759403205944,1.4880860447883606,1.6537342071533203
837,2021-09-15 20:48:52.324289,1.01773687388877,1.4879888935613232,1.4067704677581787
838,2021-09-15 20:48:53.852173,1.0177077919884912,1.4881455619466049,1.619277000427246
839,2021-09-15 20:48:54.939788,1.0176390319956075,1.4880955739299788,1.4462056159973145
840,2021-09-15 20:48:56.427576,1.0176208019256592,1.488283148549852,1.645658254623413
841,2021-09-15 20:48:57.424862,1.0175987245353308,1.4881903045100917,1.4102013111114502
842,2021-09-15 20:48:58.862051,1.0175778848824761,1.4882231191897901,1.5158202648162842
843,2021-09-15 20:49:00.069826,1.0175750529921634,1.488235115863533,1.4983363151550293
844,2021-09-15 20:49:01.580237,1.0175656868383218,1.4884556204221824,1.6743409633636475
845,2021-09-15 20:49:02.775961,1.0175285455037857,1.4885041471063738,1.5294606685638428
846,2021-09-15 20:49:04.067608,1.017620750352846,1.488507904059498,1.491682529449463
847,2021-09-15 20:49:05.530133,1.0176007043935331,1.4886779042033407,1.632498025894165
848,2021-09-15 20:49:06.964163,1.017699881263499,1.488964689790078,1.7318720817565918
849,2021-09-15 20:49:07.979808,1.0176700534753158,1.4888743323628275,1.4122512340545654
850,2021-09-15 20:49:09.394144,1.0176385882321526,1.4888790374643663,1.4928736686706543
851,2021-09-15 20:49:10.645974,1.0177282034720434,1.4889104461557856,1.5156078338623047
852,2021-09-15 20:49:12.028661,1.017816210296792,1.489000701008828,1.565807580947876
853,2021-09-15 20:49:13.517471,1.017905115382473,1.4892768885018817,1.7245886325836182
854,2021-09-15 20:49:14.847149,1.0178711076530975,1.4895486814914318,1.7213881015777588
855,2021-09-15 20:49:15.967645,1.0178408954575744,1.4895738685340212,1.5110836029052734
856,2021-09-15 20:49:16.820742,1.0179213226955628,1.4891529470403617,1.1292650699615479
857,2021-09-15 20:49:18.756473,1.0180258186166735,1.4894625778932693,1.7545065879821777
858,2021-09-15 20:49:19.786070,1.0180075796611936,1.4894181712246164,1.4513616561889648
859,2021-09-15 20:49:20.880334,1.017810046325879,1.489037248946735,1.1622059345245361
860,2021-09-15 20:49:22.221204,1.017850637435913,1.4887853151143984,1.272374153137207
861,2021-09-15 20:49:23.840605,1.0179428176458982,1.4889261966244547,1.6100842952728271
862,2021-09-15 20:49:25.251454,1.0181599932867524,1.489149262899589,1.6812093257904053
863,2021-09-15 20:49:26.417056,1.0181381672033705,1.4891908638446936,1.5250508785247803
864,2021-09-15 20:49:27.990842,1.018225938633636,1.4895025218526523,1.7584633827209473
865,2021-09-15 20:49:29.106537,1.0181874528785662,1.4895615373732727,1.540550947189331
866,2021-09-15 20:49:30.491389,1.018305492180875,1.4896896873830923,1.6005394458770752
867,2021-09-15 20:49:31.700418,1.0183929022070721,1.4896778207886727,1.4794013500213623
868,2021-09-15 20:49:32.990899,1.0182622901854976,1.4896177512160094,1.437537431716919
869,2021-09-15 20:49:34.397460,1.018339694575144,1.4897514083717442,1.6057658195495605
870,2021-09-15 20:49:35.579311,1.0182295952720204,1.4897339914036893,1.4745986461639404
871,2021-09-15 20:49:37.112264,1.01820216989134,1.4899389092328217,1.668217420578003
872,2021-09-15 20:49:38.182991,1.0181604033216425,1.4899520171344827,1.5013689994812012
873,2021-09-15 20:49:39.436394,1.018231039331268,1.4899850224847784,1.5187656879425049
874,2021-09-15 20:49:40.767809,1.0183207615016527,1.490037169009106,1.5355610847473145
875,2021-09-15 20:49:42.126299,1.0184100935799736,1.4901197000231061,1.5622518062591553
876,2021-09-15 20:49:43.315559,1.018496518265711,1.4900377292066949,1.4183132648468018
877,2021-09-15 20:49:44.675134,1.018344316950138,1.4899815958473266,1.4408087730407715
878,2021-09-15 20:49:46.095445,1.0182967875704407,1.4901325227459363,1.622495412826538
879,2021-09-15 20:49:47.183030,1.018247565040545,1.490121841430664,1.480743646621704
880,2021-09-15 20:49:48.116981,1.018110771070827,1.489674862948331,1.096780776977539
881,2021-09-15 20:49:49.760948,1.0181922452539105,1.4897016090648534,1.5132381916046143
882,2021-09-15 20:49:51.137728,1.0182837780370735,1.4897904369025543,1.5680477619171143
883,2021-09-15 20:49:52.677923,1.018386733896465,1.4900996479820692,1.7628238201141357
884,2021-09-15 20:49:53.542016,1.0181538699978616,1.4898796820532683,1.295649766921997
885,2021-09-15 20:49:55.071972,1.018117286660577,1.4900007910647635,1.5970611572265625
886,2021-09-15 20:49:56.205842,1.0180714854268405,1.490007722081772,1.4961416721343994
887,2021-09-15 20:49:57.632564,1.018181200360768,1.4901342679575305,1.6022539138793945
888,2021-09-15 20:49:58.741772,1.018265294867593,1.4900143270020012,1.3836266994476318
889,2021-09-15 20:50:00.227298,1.018118570035971,1.4900681414673915,1.5378553867340088
890,2021-09-15 20:50:01.313165,1.0180991483538337,1.4899590371699816,1.392965316772461
891,2021-09-15 20:50:02.761265,1.0180680411967096,1.4899792802320453,1.50799560546875
892,2021-09-15 20:50:03.924575,1.018024705450631,1.4898979236192234,1.4174091815948486
893,2021-09-15 20:50:05.720108,1.0184391727639739,1.4902511104891307,1.8052937984466553
894,2021-09-15 20:50:07.003983,1.018867389734426,1.490667970655215,1.8629240989685059
895,2021-09-15 20:50:08.205382,1.0187150505001985,1.4905888592064713,1.419863224029541
896,2021-09-15 20:50:09.466689,1.0187831819057465,1.4905377953712429,1.4448356628417969
897,2021-09-15 20:50:10.645413,1.0187547650757176,1.4903358618418376,1.309403419494629
898,2021-09-15 20:50:12.106554,1.018730415002275,1.4903915337305558,1.5403292179107666
899,2021-09-15 20:50:13.298344,1.0186915877663651,1.4903936996078067,1.4923386573791504
900,2021-09-15 20:50:14.682467,1.018774185710483,1.4904612620671591,1.5511999130249023
901,2021-09-15 20:50:15.920862,1.0186156779362279,1.4904129798880692,1.4469590187072754
902,2021-09-15 20:50:16.994002,1.0183770963199388,1.4901931026822448,1.292083740234375
903,2021-09-15 20:50:18.243301,1.0183421572709532,1.4900017611080099,1.3174116611480713
904,2021-09-15 20:50:19.542552,1.0182953571851274,1.489881890801202,1.381639003753662
905,2021-09-15 20:50:20.819324,1.018161116647457,1.4898209832649862,1.434760570526123
906,2021-09-15 20:50:22.135278,1.018059631320288,1.4898501918805356,1.5162839889526367
907,2021-09-15 20:50:23.253729,1.0178238748846926,1.4896476024303835,1.3061015605926514
908,2021-09-15 20:50:24.589174,1.017660531178445,1.489554258170107,1.404891014099121
909,2021-09-15 20:50:26.017829,1.0177238234067776,1.489681676407196,1.605377435684204
910,2021-09-15 20:50:27.483684,1.0178286078212024,1.489976357627701,1.7578415870666504
911,2021-09-15 20:50:28.481579,1.0177979249462208,1.4899079140140772,1.427624225616455
912,2021-09-15 20:50:29.665216,1.017771649256087,1.4896738879513323,1.2764761447906494
913,2021-09-15 20:50:31.059350,1.0176938528037933,1.4895770372200638,1.4012491703033447
914,2021-09-15 20:50:32.381983,1.0177538960976464,1.4895853612824654,1.497185230255127
915,2021-09-15 20:50:33.179613,1.0176077240803203,1.489051409497287,1.0010194778442383
916,2021-09-15 20:50:35.070371,1.0176901773073788,1.4892432999402676,1.664823055267334
917,2021-09-15 20:50:36.258661,1.0176587232196603,1.4892663630690413,1.510392189025879
918,2021-09-15 20:50:37.555912,1.0177384625333068,1.4892609695983088,1.4843151569366455
919,2021-09-15 20:50:38.981927,1.017809736067115,1.489353393444688,1.5741984844207764
920,2021-09-15 20:50:40.298762,1.017877538567004,1.489425376964652,1.5555782318115234
921,2021-09-15 20:50:41.691461,1.0178497479611706,1.489565522611206,1.618499517440796
922,2021-09-15 20:50:42.491203,1.0177140851341462,1.48914568465599,1.1024749279022217
923,2021-09-15 20:50:43.967994,1.0176888744337715,1.4889946668403766,1.3497562408447266
924,2021-09-15 20:50:45.330995,1.01765401822664,1.488977930762551,1.4735305309295654
925,2021-09-15 20:50:46.503286,1.0176235353624499,1.4888919724644842,1.4094665050506592
926,2021-09-15 20:50:47.711167,1.0175276837647604,1.4886840798169954,1.2963833808898926
927,2021-09-15 20:50:49.100962,1.0174592626647785,1.4886506974632814,1.4577386379241943
928,2021-09-15 20:50:50.516486,1.0174630027392815,1.4886532682797005,1.4910364151000977
929,2021-09-15 20:50:51.686351,1.0172320615873143,1.4885927532409569,1.4324347972869873
930,2021-09-15 20:50:52.822187,1.017008190513939,1.4884380499521892,1.3447186946868896
931,2021-09-15 20:50:54.327438,1.0170284633861832,1.4885712553427888,1.6124522686004639
932,2021-09-15 20:50:55.432465,1.0170627540784845,1.488509549347628,1.4310612678527832
933,2021-09-15 20:50:56.571820,1.0170213113132653,1.4882428094121805,1.2396411895751953
934,2021-09-15 20:50:58.091122,1.016998523818349,1.4882843313176322,1.527024269104004
935,2021-09-15 20:50:59.101348,1.0169131013798842,1.4880527792129925,1.2717831134796143
936,2021-09-15 20:51:00.266542,1.0168691677415473,1.4876851452212048,1.1439473628997803
937,2021-09-15 20:51:01.987944,1.0169422672296156,1.4877431453737404,1.5420312881469727
938,2021-09-15 20:51:03.033143,1.0167991703253056,1.4874965122767858,1.2564013004302979
939,2021-09-15 20:51:04.524936,1.0166488186366007,1.4875224911239835,1.5118906497955322
940,2021-09-15 20:51:05.509260,1.0167141475576036,1.4872845771464895,1.263883352279663
941,2021-09-15 20:51:07.228320,1.0167832085734092,1.4874638003573282,1.6559336185455322
942,2021-09-15 20:51:08.386518,1.0166372367024674,1.4874651900269171,1.4887728691101074
943,2021-09-15 20:51:09.755353,1.0165848443768564,1.4876133260393194,1.62715744972229
944,2021-09-15 20:51:11.057579,1.016645889918683,1.4877219076378871,1.5901143550872803
945,2021-09-15 20:51:12.381941,1.0167088617092719,1.4878245081220354,1.584679365158081
946,2021-09-15 20:51:13.710242,1.016692651754706,1.487939395813811,1.596508264541626
947,2021-09-15 20:51:15.014917,1.016762649119215,1.48801878714637,1.5631229877471924
948,2021-09-15 20:51:16.150628,1.0166105064661695,1.4878839603959257,1.3602030277252197
949,2021-09-15 20:51:17.456894,1.0165552050346318,1.4878222143436508,1.4292869567871094
950,2021-09-15 20:51:18.673224,1.0166094709697522,1.48774380106675,1.4133296012878418
951,2021-09-15 20:51:20.043777,1.016576024134703,1.4877275821413025,1.4723196029663086
952,2021-09-15 20:51:21.297978,1.0165451472045994,1.4877313505701657,1.4913151264190674
953,2021-09-15 20:51:22.688270,1.016619564728872,1.4878020151464537,1.555074691772461
954,2021-09-15 20:51:23.955297,1.0164936975862995,1.4877967949433397,1.4828219413757324
955,2021-09-15 20:51:25.460899,1.0165546916542252,1.4879736396030605,1.6566834449768066
956,2021-09-15 20:51:26.710260,1.01651698026697,1.4880738500271882,1.5837748050689697
957,2021-09-15 20:51:28.068906,1.0165829481625133,1.488197962692165,1.6068496704101562
958,2021-09-15 20:51:29.404060,1.0166562718488976,1.4883314470657476,1.6160759925842285
959,2021-09-15 20:51:30.694555,1.0165136673403234,1.4884194765896444,1.572751760482788
960,2021-09-15 20:51:31.797654,1.0164706416428089,1.4883698808650176,1.440807580947876
961,2021-09-15 20:51:33.302327,1.0164283760876611,1.4884997681946213,1.6131916046142578
962,2021-09-15 20:51:34.487647,1.0163896205271603,1.4885914258798294,1.576674461364746
963,2021-09-15 20:51:35.708991,1.0163418387574445,1.4885591321768914,1.4574925899505615
964,2021-09-15 20:51:37.143185,1.0162960852330156,1.488638290725803,1.5648679733276367
965,2021-09-15 20:51:38.250810,1.0162474039305058,1.4885828645735826,1.4351520538330078
966,2021-09-15 20:51:39.368156,1.016200221596791,1.4883123488159653,1.227264642715454
967,2021-09-15 20:51:40.786458,1.0161534741351375,1.4882332760890735,1.411849021911621
968,2021-09-15 20:51:42.176023,1.016207441810734,1.488317918925246,1.5701675415039062
969,2021-09-15 20:51:43.302005,1.016284280517153,1.4882128275584878,1.3864843845367432
970,2021-09-15 20:51:44.293663,1.0162119046928957,1.4877491624084944,1.0384576320648193
971,2021-09-15 20:51:45.932723,1.0161706286527592,1.487704695437399,1.4445717334747314
972,2021-09-15 20:51:47.305263,1.0162369015285508,1.4878112968103385,1.5913212299346924
973,2021-09-15 20:51:48.394123,1.0160894183191218,1.4876689504131384,1.3493082523345947
974,2021-09-15 20:51:49.512749,1.0159551644472127,1.4874147903747872,1.240117073059082
975,2021-09-15 20:51:51.077097,1.0159139210138566,1.4875020041832556,1.5724482536315918
976,2021-09-15 20:51:52.200785,1.0158657092051429,1.4874728825248655,1.4590792655944824
977,2021-09-15 20:51:53.507311,1.0158205435000276,1.4874232564514223,1.438988208770752
978,2021-09-15 20:51:54.947244,1.0158713658650715,1.4875816801574333,1.6423616409301758
979,2021-09-15 20:51:56.032805,1.0157392507188776,1.4874963594773696,1.404052734375
980,2021-09-15 20:51:57.437740,1.0156924342622562,1.4874850523715117,1.4764153957366943
981,2021-09-15 20:51:58.780686,1.0157510164923866,1.487590480895825,1.5909104347229004
982,2021-09-15 20:52:00.155952,1.015813270314405,1.487743706421551,1.6380579471588135
983,2021-09-15 20:52:00.800975,1.0156632629076316,1.4871975638252795,0.950885534286499
984,2021-09-15 20:52:02.406232,1.0157139914307167,1.4870251521347015,1.3175444602966309
985,2021-09-15 20:52:03.689570,1.015668128347639,1.4868140801560454,1.2791192531585693
986,2021-09-15 20:52:05.206450,1.0156177120324805,1.486887283305851,1.5589923858642578
987,2021-09-15 20:52:06.169319,1.01548983743971,1.4866906526482455,1.2928128242492676
988,2021-09-15 20:52:07.680562,1.015552910715945,1.4866905991847699,1.486637830734253
989,2021-09-15 20:52:08.687648,1.015517261319985,1.486356226329977,1.1559958457946777
990,2021-09-15 20:52:10.446082,1.0155825641420153,1.486461576066836,1.5906524658203125
991,2021-09-15 20:52:11.692170,1.0156437301731975,1.4864753305490996,1.5000922679901123
992,2021-09-15 20:52:13.159347,1.0157041532858726,1.4866273540162271,1.6372826099395752
993,2021-09-15 20:52:14.353332,1.0156707631617274,1.486649069060972,1.508190393447876
994,2021-09-15 20:52:15.684954,1.0155197979219004,1.486648781198851,1.4863629341125488
995,2021-09-15 20:52:16.652001,1.0154546490865737,1.486375735153505,1.214967966079712
996,2021-09-15 20:52:18.300240,1.0155113569225174,1.4864405996828194,1.550980806350708
997,2021-09-15 20:52:19.728813,1.0155686497568726,1.4866074439635129,1.6527843475341797
998,2021-09-15 20:52:20.831603,1.0155242540554437,1.4865417332353,1.4210281372070312
999,2021-09-15 20:52:22.139558,1.0153816677070595,1.4864580931964222,1.4029853343963623
1000,2021-09-15 20:52:23.702225,1.0154285566806793,1.4866964130401612,1.7247779369354248
1001,2021-09-15 20:52:24.851528,1.0153976656221129,1.4867720149018309,1.5623738765716553
1002,2021-09-15 20:52:25.929773,1.015460073115107,1.4865875160860682,1.3019042015075684
1003,2021-09-15 20:52:27.335044,1.015429571880063,1.4864761867409095,1.3749241828918457
1004,2021-09-15 20:52:28.739039,1.0153913922993785,1.4864386571830963,1.4487965106964111
1005,2021-09-15 20:52:30.234851,1.0154525370147098,1.4866658754016628,1.7147929668426514
1006,2021-09-15 20:52:31.441513,1.0154049116858905,1.486761024173638,1.582385540008545
1007,2021-09-15 20:52:32.427279,1.015468001247281,1.4865214805735614,1.2455406188964844
1008,2021-09-15 20:52:34.099222,1.0154287029826452,1.4866210830117028,1.5869207382202148
1009,2021-09-15 20:52:35.201574,1.015389280111277,1.486595186889467,1.4604918956756592
1010,2021-09-15 20:52:36.542331,1.015308674727336,1.4865375270937928,1.428358793258667
1011,2021-09-15 20:52:38.384841,1.0157392065084063,1.4870913429618706,2.046445369720459
1012,2021-09-15 20:52:39.514415,1.0156912876683262,1.487067385153337,1.462846040725708
1013,2021-09-15 20:52:40.922072,1.0157592965019655,1.4871357993571215,1.5563709735870361
1014,2021-09-15 20:52:42.295750,1.0157223116951817,1.4872419305101654,1.5947527885437012
1015,2021-09-15 20:52:43.610522,1.015780784343851,1.4873268773403074,1.573462963104248
1016,2021-09-15 20:52:44.989117,1.0158326618784055,1.4874510319214167,1.6134679317474365
1017,2021-09-15 20:52:46.078149,1.0156903513061613,1.48734313595377,1.377720832824707
1018,2021-09-15 20:52:47.650968,1.0157509074932465,1.4875741164201837,1.7224812507629395
1019,2021-09-15 20:52:48.405710,1.0156204422041992,1.4872309085314361,1.1378452777862549
1020,2021-09-15 20:52:49.989047,1.0156781278404534,1.4871428648630778,1.3974263668060303
1021,2021-09-15 20:52:51.317711,1.0155453422744407,1.487053625730763,1.3960297107696533
1022,2021-09-15 20:52:52.643133,1.0154981018279163,1.487052300671542,1.4856994152069092
1023,2021-09-15 20:52:54.159081,1.0155603543055023,1.4872378736646994,1.6768934726715088
1024,2021-09-15 20:52:55.352969,1.015510045690462,1.4872798242140561,1.5301952362060547
1025,2021-09-15 20:52:56.720061,1.015469047034659,1.4873675413829524,1.5771899223327637
1026,2021-09-15 20:52:57.878019,1.0154210082736397,1.487377284330699,1.497363805770874
1027,2021-09-15 20:52:59.292800,1.0154786072780233,1.4874719141056614,1.584562063217163
1028,2021-09-15 20:53:00.422860,1.0155348789367231,1.4873681374560999,1.3807895183563232
1029,2021-09-15 20:53:01.851381,1.015495404325954,1.4873658320183194,1.4849958419799805
1030,2021-09-15 20:53:02.927727,1.0155531165669265,1.4872136474813071,1.330615758895874
1031,2021-09-15 20:53:04.676570,1.0155707469388886,1.487423942577018,1.7040278911590576
1032,2021-09-15 20:53:05.792810,1.0155195887236632,1.4874600426171176,1.524679183959961
1033,2021-09-15 20:53:07.179086,1.015575653816585,1.4875558784370386,1.586458444595337
1034,2021-09-15 20:53:08.311424,1.0156243749006113,1.4874523034178773,1.3804593086242676
1035,2021-09-15 20:53:09.597163,1.0154782744421476,1.4873058660018847,1.3358895778656006
1036,2021-09-15 20:53:10.695904,1.0154210780117963,1.4870279086142433,1.1993420124053955
1037,2021-09-15 20:53:12.201717,1.0153642521529902,1.4870184311641446,1.4771997928619385
1038,2021-09-15 20:53:13.695014,1.015399912189197,1.4872568597683329,1.7345073223114014
1039,2021-09-15 20:53:14.713869,1.0153537452851957,1.4872086938467017,1.4372124671936035
1040,2021-09-15 20:53:16.161895,1.0153098640533593,1.4872746492807682,1.555802345275879
1041,2021-09-15 20:53:17.350382,1.015255096895436,1.4872901842756756,1.5034465789794922
1042,2021-09-15 20:53:18.727498,1.0152103916926027,1.487355711364014,1.5555694103240967
1043,2021-09-15 20:53:19.799472,1.015256213776103,1.487173149478287,1.2969436645507812
1044,2021-09-15 20:53:21.407114,1.0152165248019485,1.4872637603474759,1.581770896911621
1045,2021-09-15 20:53:22.450947,1.0150369500429437,1.4871712659534655,1.3906071186065674
1046,2021-09-15 20:53:23.966315,1.0150511652288199,1.4873159082168375,1.6384670734405518
1047,2021-09-15 20:53:25.033530,1.01501227427121,1.4872535336211168,1.4220097064971924
1048,2021-09-15 20:53:26.174463,1.0150546654490114,1.4869988911024488,1.2203881740570068
1049,2021-09-15 20:53:27.415211,1.0149201760414786,1.4867586739524645,1.235011100769043
1050,2021-09-15 20:53:28.922575,1.0148096336637225,1.4867783076422556,1.5073740482330322
1051,2021-09-15 20:53:29.878779,1.0146859769703205,1.4865385658053645,1.2348096370697021
1052,2021-09-15 20:53:31.643463,1.0147321024775051,1.48671279275372,1.6698253154754639
1053,2021-09-15 20:53:32.621999,1.0146151130129242,1.4865543742691576,1.3198981285095215
1054,2021-09-15 20:53:34.082262,1.0146703677114093,1.4865242683910103,1.4548227787017822
1055,2021-09-15 20:53:35.330079,1.014528015778528,1.4865125904716021,1.4742040634155273
1056,2021-09-15 20:53:36.621369,1.014577468913613,1.4865522863286915,1.5284314155578613
1057,2021-09-15 20:53:37.924153,1.014634537493833,1.4865730902780985,1.5085420608520508
1058,2021-09-15 20:53:39.333115,1.0146804549968986,1.4866573918744612,1.5757641792297363
1059,2021-09-15 20:53:40.646277,1.0147297785347424,1.4867305336863055,1.5641145706176758
1060,2021-09-15 20:53:41.410331,1.0145932296537004,1.486272209095505,1.0009064674377441
1061,2021-09-15 20:53:43.418083,1.014833078195642,1.4865399326051214,1.770326852798462
1062,2021-09-15 20:53:44.528151,1.014879676132777,1.4864074553024522,1.3458490371704102
1063,2021-09-15 20:53:46.018824,1.0148303318113396,1.4864241511666987,1.504155158996582
1064,2021-09-15 20:53:47.223772,1.014786148653891,1.4864254378734674,1.487793207168579
1065,2021-09-15 20:53:48.226690,1.0146407492283924,1.4861104157049332,1.1509268283843994
1066,2021-09-15 20:53:49.918969,1.0146846829391107,1.4862297739812627,1.6133463382720947
1067,2021-09-15 20:53:51.129426,1.0146384502864934,1.486238092603031,1.4951057434082031
1068,2021-09-15 20:53:52.212384,1.0146935800934551,1.486019929026843,1.253239393234253
1069,2021-09-15 20:53:53.814815,1.01465225978027,1.486055610556821,1.5241634845733643
1070,2021-09-15 20:53:54.914203,1.0145909282648675,1.4859528439067236,1.3760952949523926
1071,2021-09-15 20:53:56.350573,1.0145432704191804,1.485958738709921,1.4922661781311035
1072,2021-09-15 20:53:57.571704,1.01449991718157,1.4859508638506504,1.4775168895721436
1073,2021-09-15 20:53:59.013067,1.0145452782470048,1.4860528401981863,1.5953714847564697
1074,2021-09-15 20:54:00.640861,1.0148935659859655,1.4864302245376275,1.8913636207580566
1075,2021-09-15 20:54:01.982245,1.0149418249795603,1.4865347671508788,1.598813533782959
1076,2021-09-15 20:54:03.099846,1.014925473684715,1.4864377018244292,1.3820924758911133
1077,2021-09-15 20:54:04.596368,1.0148735436002967,1.486491444383159,1.544318437576294
1078,2021-09-15 20:54:05.400432,1.0147265578466356,1.486152940203396,1.1215839385986328
1079,2021-09-15 20:54:06.733287,1.0145113507943424,1.4859128641353039,1.2271108627319336
1080,2021-09-15 20:54:07.938073,1.014350516045535,1.4856508219683613,1.2029073238372803
1081,2021-09-15 20:54:09.550990,1.014320162685793,1.4857037402654996,1.5428555011749268
1082,2021-09-15 20:54:10.819540,1.0142667240664611,1.485602786712858,1.376471996307373
1083,2021-09-15 20:54:12.248609,1.0142049487828109,1.4856795036231383,1.5686872005462646
1084,2021-09-15 20:54:13.388533,1.0141115850628082,1.4856814744287752,1.4878158569335938
1085,2021-09-15 20:54:14.470669,1.0139170971883606,1.4855502614227858,1.3433153629302979
1086,2021-09-15 20:54:15.397306,1.0138164776245313,1.4851405978422358,1.0406556129455566
1087,2021-09-15 20:54:17.099259,1.0138631755316487,1.4851140109573686,1.4562406539916992
1088,2021-09-15 20:54:18.650191,1.0138208912137676,1.4852940924465656,1.6810426712036133
1089,2021-09-15 20:54:19.791596,1.0137578392379103,1.485393112574946,1.5931270122528076
1090,2021-09-15 20:54:21.031677,1.013809498953163,1.485407894466995,1.5015053749084473
1091,2021-09-15 20:54:22.515454,1.0137606670176842,1.4855588186125925,1.6500661373138428
1092,2021-09-15 20:54:23.443152,1.0136301853717902,1.4853515452517694,1.25921630859375
1093,2021-09-15 20:54:25.059225,1.0136037090996046,1.4854898773413237,1.6365485191345215
1094,2021-09-15 20:54:26.103888,1.0135651541366437,1.4854641189522892,1.4573101997375488
1095,2021-09-15 20:54:27.285318,1.0135279805692907,1.4853018294730687,1.3077571392059326
1096,2021-09-15 20:54:28.635429,1.013483353774913,1.4852453235292087,1.4233713150024414
1097,2021-09-15 20:54:30.136014,1.0135292956909485,1.4854328510646073,1.6909630298614502
1098,2021-09-15 20:54:31.220281,1.0134769534804131,1.4853915086860865,1.4400389194488525
1099,2021-09-15 20:54:32.627691,1.0134321248346942,1.4854262632278012,1.5235867500305176
1100,2021-09-15 20:54:33.341500,1.0132933100787076,1.484992839639837,1.0086603164672852
1101,2021-09-15 20:54:34.978520,1.013343057017452,1.4849339211452668,1.42012357711792
1102,2021-09-15 20:54:36.363719,1.0132982823896322,1.484922402999795,1.472240924835205
1103,2021-09-15 20:54:37.547083,1.0133490542985046,1.4848703015207272,1.4274544715881348
1104,2021-09-15 20:54:38.724374,1.0132120124239852,1.4846773957428725,1.271902322769165
1105,2021-09-15 20:54:40.151623,1.0131688040306126,1.4846645182613873,1.4704477787017822
1106,2021-09-15 20:54:41.476907,1.0132207301382992,1.4847443302113152,1.5729365348815918
1107,2021-09-15 20:54:42.908218,1.013268588142774,1.4849090322031022,1.667069435119629
1108,2021-09-15 20:54:43.913982,1.0132357977357582,1.484784065170839,1.3464455604553223
1109,2021-09-15 20:54:45.478376,1.0132750153434071,1.4848579982038659,1.5667757987976074
1110,2021-09-15 20:54:46.659177,1.0132201007894568,1.4848851932061684,1.5150444507598877
1111,2021-09-15 20:54:47.947529,1.0131797627432726,1.4848766329050278,1.475374698638916
1112,2021-09-15 20:54:49.125148,1.0131593039996332,1.4847292113218375,1.320943832397461
1113,2021-09-15 20:54:50.502000,1.013039578003382,1.4846349486550658,1.379814863204956
1114,2021-09-15 20:54:51.883401,1.0130825522130011,1.4846705859610594,1.5243349075317383
1115,2021-09-15 20:54:53.158761,1.0129788165669804,1.4846637516278323,1.4770503044128418
1116,2021-09-15 20:54:54.489485,1.0130229368004748,1.484645646319167,1.4644582271575928
1117,2021-09-15 20:54:55.890479,1.0129799473573826,1.4846900111346129,1.5342011451721191
1118,2021-09-15 20:54:57.115370,1.0129345538151286,1.484644618145255,1.4339406490325928
