imageCounter,currentTime,meanNetworkDelay,meanResponseTime
1,2021-05-29 13:55:16.077701,2.7332518100738525,2.937671422958374
2,2021-05-29 13:55:16.390375,2.7358362674713135,2.85059654712677
3,2021-05-29 13:55:16.888196,2.7354838848114014,2.8200361728668213
4,2021-05-29 13:55:17.399192,2.73569118976593,2.8052430152893066
5,2021-05-29 13:55:17.914552,2.735455322265625,2.796139621734619
6,2021-05-29 13:55:18.409723,2.7351844708124795,2.789924462636312
7,2021-05-29 13:55:18.947112,2.7350053787231445,2.785456963947841
8,2021-05-29 13:55:19.424488,2.7344270646572113,2.7820537388324738
9,2021-05-29 13:55:19.925537,2.734490580028958,2.7795634269714355
10,2021-05-29 13:55:20.423719,2.734026002883911,2.777059721946716
11,2021-05-29 13:55:20.949703,2.733983039855957,2.7753238677978516
12,2021-05-29 13:55:21.461279,2.7345065474510193,2.7744181553522744
13,2021-05-29 13:55:21.937659,2.7343465181497426,2.7730894822340746
14,2021-05-29 13:55:22.442036,2.734137875693185,2.771852833884103
15,2021-05-29 13:55:22.960314,2.7344375610351563,2.771327193578084
16,2021-05-29 13:55:23.442735,2.7345068156719208,2.7706822752952576
17,2021-05-29 13:55:23.966838,2.734402768752154,2.770114548066083
18,2021-05-29 13:55:24.472654,2.734379291534424,2.7698371013005576
19,2021-05-29 13:55:24.991573,2.7344593248869242,2.7693356589267126
20,2021-05-29 13:55:25.490829,2.734545147418976,2.7688617944717406
21,2021-05-29 13:55:25.996770,2.7345450832730247,2.7683944475083124
22,2021-05-29 13:55:26.492192,2.7345870191400703,2.7680300907655195
23,2021-05-29 13:55:27.009809,2.734664771867835,2.767725415851759
24,2021-05-29 13:55:27.505875,2.734471768140793,2.7671629786491394
25,2021-05-29 13:55:28.017323,2.7344416618347167,2.7668144035339357
26,2021-05-29 13:55:28.524567,2.734429570344778,2.7664708357590895
27,2021-05-29 13:55:29.050397,2.734488187012849,2.766311203991925
28,2021-05-29 13:55:29.586962,2.7344047256878445,2.7662032416888644
29,2021-05-29 13:55:30.057510,2.7342612743377686,2.7658242357188256
30,2021-05-29 13:55:30.544306,2.7341981172561645,2.765538287162781
31,2021-05-29 13:55:31.073275,2.7341458797454834,2.7652515980505172
32,2021-05-29 13:55:31.552619,2.733970083296299,2.764843136072159
33,2021-05-29 13:55:32.134932,2.7338845802075937,2.7645785519571016
34,2021-05-29 13:55:32.628906,2.7338479617062736,2.7643413613824284
35,2021-05-29 13:55:33.175434,2.7339269024985176,2.764252771650042
36,2021-05-29 13:55:33.664911,2.733925369050768,2.764079557524787
37,2021-05-29 13:55:34.143817,2.7338112882665686,2.7638385553617737
38,2021-05-29 13:55:34.681782,2.7337276935577393,2.7637792135539807
39,2021-05-29 13:55:35.147598,2.7338268023270826,2.7637418111165366
40,2021-05-29 13:55:35.644737,2.7338823854923247,2.76363582611084
41,2021-05-29 13:55:36.166445,2.7337415858012872,2.7633725608267437
42,2021-05-29 13:55:36.678947,2.7337944961729503,2.763292846225557
43,2021-05-29 13:55:37.163423,2.7338271529175513,2.763234116310297
44,2021-05-29 13:55:37.680969,2.733801169828935,2.7630838318304582
45,2021-05-29 13:55:38.179916,2.733764590157403,2.762965053982205
46,2021-05-29 13:55:38.696741,2.733759693477465,2.762857665186343
47,2021-05-29 13:55:39.200475,2.7337892917876547,2.7628148413719016
48,2021-05-29 13:55:39.721165,2.7337859719991684,2.76285287241141
49,2021-05-29 13:55:40.491274,2.733759982245309,2.7645631371712196
50,2021-05-29 13:55:40.882870,2.733653464317322,2.7643200063705446
51,2021-05-29 13:55:41.312172,2.733728740729538,2.7642674913593366
52,2021-05-29 13:55:41.804359,2.733622064957252,2.764048452560718
53,2021-05-29 13:55:42.312479,2.733583945148396,2.763886978041451
54,2021-05-29 13:55:42.823986,2.7336045282858388,2.763781772719489
55,2021-05-29 13:55:43.319394,2.7335772124203768,2.7636483929374003
56,2021-05-29 13:55:43.832542,2.733565994671413,2.7635342138154164
57,2021-05-29 13:55:44.344309,2.7335216915398313,2.7633765287566603
58,2021-05-29 13:55:44.856629,2.7335784106419005,2.7633299087655954
59,2021-05-29 13:55:45.359081,2.733537993188632,2.763306112612708
60,2021-05-29 13:55:45.848239,2.733480687936147,2.763162072499593
61,2021-05-29 13:55:46.354361,2.7334406297714984,2.763031361532993
62,2021-05-29 13:55:46.857487,2.7334743238264516,2.7629929396413986
63,2021-05-29 13:55:47.360322,2.733425314464266,2.762867972964332
64,2021-05-29 13:55:47.879823,2.7333651296794415,2.762729100883007
65,2021-05-29 13:55:48.393145,2.733373528260451,2.762669196495643
66,2021-05-29 13:55:48.897136,2.733399607918479,2.7626145030512954
67,2021-05-29 13:55:49.398736,2.733389363360049,2.7625208328019326
68,2021-05-29 13:55:49.907202,2.733465955537908,2.7625140828244827
69,2021-05-29 13:55:50.408134,2.7334647109543067,2.762526235718658
70,2021-05-29 13:55:50.931285,2.733448086466108,2.762460218157087
71,2021-05-29 13:55:51.419105,2.7334965047701982,2.7624370514507026
72,2021-05-29 13:55:51.943156,2.7335395912329354,2.762413634194268
73,2021-05-29 13:55:52.451414,2.7337767457308835,2.7625912313591945
74,2021-05-29 13:55:52.930761,2.7337541676856376,2.762510103148383
75,2021-05-29 13:55:53.441919,2.7337074947357176,2.7624036057790122
76,2021-05-29 13:55:53.950317,2.733716666698456,2.762355261727383
77,2021-05-29 13:55:54.459532,2.7337147446421834,2.762296707599194
78,2021-05-29 13:55:54.974073,2.73366902424739,2.7622093970959005
79,2021-05-29 13:55:55.879737,2.733718769459785,2.762291980695121
80,2021-05-29 13:55:56.110573,2.7337306082248687,2.7622580945491793
81,2021-05-29 13:55:56.606649,2.7337558769885404,2.762243883109387
82,2021-05-29 13:55:57.116617,2.73375780117221,2.762185018237044
83,2021-05-29 13:55:57.604259,2.7337954475218993,2.762176120137594
84,2021-05-29 13:55:58.118914,2.7338697087197077,2.762200585433415
85,2021-05-29 13:55:58.623002,2.733885675318101,2.762162514293895
86,2021-05-29 13:55:59.218908,2.7338883655015813,2.7621163767437604
87,2021-05-29 13:55:59.648902,2.7338656474804055,2.7620618041904494
88,2021-05-29 13:56:00.146947,2.733824900605462,2.761982115832242
89,2021-05-29 13:56:00.657127,2.733839359176293,2.762040076630839
90,2021-05-29 13:56:01.145682,2.733791732788086,2.7619513935512967
91,2021-05-29 13:56:01.654208,2.733807283443409,2.7619257890261135
92,2021-05-29 13:56:02.151531,2.73376232644786,2.7618465164433355
93,2021-05-29 13:56:02.670513,2.733788554386426,2.7618331909179688
94,2021-05-29 13:56:03.170414,2.733792835093559,2.761801648647227
95,2021-05-29 13:56:03.697471,2.7339411409277665,2.761902174196745
96,2021-05-29 13:56:04.198011,2.7340530355771384,2.761977011958758
97,2021-05-29 13:56:04.695185,2.734068054513833,2.7619534005823825
98,2021-05-29 13:56:05.216655,2.7341479646916294,2.7619995000411053
99,2021-05-29 13:56:05.833934,2.734150332633895,2.7620308062042853
100,2021-05-29 13:56:06.275299,2.7342285966873168,2.762076995372772
101,2021-05-29 13:56:06.792294,2.734496850778561,2.762318759861559
102,2021-05-29 13:56:07.252345,2.734480007022035,2.7622696418388215
103,2021-05-29 13:56:07.762971,2.7345054658871253,2.762259981007252
104,2021-05-29 13:56:08.270221,2.734512583567546,2.762235322823891
105,2021-05-29 13:56:08.784411,2.7346357481820243,2.7623273508889334
106,2021-05-29 13:56:09.277560,2.7346763565855206,2.7623354646394835
107,2021-05-29 13:56:09.768245,2.7346112750401006,2.762235645935914
108,2021-05-29 13:56:10.282525,2.734587302914372,2.7621823019451566
109,2021-05-29 13:56:10.806718,2.7345166884431054,2.7621371002372253
110,2021-05-29 13:56:11.290984,2.7345505757765336,2.7621520670977504
111,2021-05-29 13:56:11.792684,2.7345627814799816,2.7621407959912276
112,2021-05-29 13:56:12.362957,2.734536268881389,2.7620906744684492
113,2021-05-29 13:56:12.817696,2.734601508199641,2.762121282847582
114,2021-05-29 13:56:13.306325,2.7345942175179196,2.762086084014491
115,2021-05-29 13:56:13.815562,2.734555657013603,2.762016188580057
116,2021-05-29 13:56:14.387531,2.7345551930624863,2.761990448524212
117,2021-05-29 13:56:14.859002,2.73454998089717,2.7619579368167453
118,2021-05-29 13:56:15.371784,2.734561829243676,2.7619477348812556
119,2021-05-29 13:56:15.891269,2.7345368521554128,2.7619641508374895
120,2021-05-29 13:56:16.385519,2.734528684616089,2.761936585108439
121,2021-05-29 13:56:16.932423,2.7345088986325856,2.7618916113514547
122,2021-05-29 13:56:17.410227,2.734494617727936,2.7618480920791626
123,2021-05-29 13:56:17.993794,2.735061699781961,2.7623917474979307
124,2021-05-29 13:56:18.432470,2.7350977216997454,2.7623972027532515
125,2021-05-29 13:56:19.003583,2.735077217102051,2.7623500022888186
126,2021-05-29 13:56:19.439081,2.735060930252075,2.7623073789808483
127,2021-05-29 13:56:19.935782,2.7350544985823744,2.762280169434435
128,2021-05-29 13:56:20.442602,2.7350619807839394,2.762274531647563
129,2021-05-29 13:56:21.067829,2.7350898214088852,2.762339950531952
130,2021-05-29 13:56:21.481011,2.7350704009716327,2.7622995651685276
131,2021-05-29 13:56:21.971330,2.735043846013892,2.762249429717319
132,2021-05-29 13:56:22.563082,2.735582400452007,2.762769560019175
133,2021-05-29 13:56:23.136761,2.7361875136095777,2.763350696492016
134,2021-05-29 13:56:23.579941,2.7366842903308015,2.7638222103688252
135,2021-05-29 13:56:24.148090,2.737343267158226,2.7644605901506214
136,2021-05-29 13:56:24.595772,2.737676915000467,2.7647660479826084
137,2021-05-29 13:56:25.065349,2.737790633292094,2.764863438849902
138,2021-05-29 13:56:25.547038,2.7377368194469507,2.764792077783225
139,2021-05-29 13:56:26.071456,2.73776396916067,2.7648546026765013
140,2021-05-29 13:56:26.570530,2.7377157858439856,2.7647905928747996
141,2021-05-29 13:56:27.073644,2.7376830459486508,2.764743348385425
142,2021-05-29 13:56:27.574492,2.7376710008567486,2.764710352454387
143,2021-05-29 13:56:28.080510,2.7376432935674706,2.764664760002723
144,2021-05-29 13:56:28.575948,2.737607835067643,2.764608518944846
145,2021-05-29 13:56:29.087773,2.7375754339941616,2.7645524419587235
146,2021-05-29 13:56:29.598794,2.7375753954665303,2.7645330037156195
147,2021-05-29 13:56:30.107702,2.7375391162171656,2.7644780509325924
148,2021-05-29 13:56:30.616287,2.7375926439826554,2.76451161423245
149,2021-05-29 13:56:31.129179,2.7376057269589213,2.764558937725605
150,2021-05-29 13:56:31.629607,2.737590225537618,2.764537207285563
151,2021-05-29 13:56:32.150648,2.7375866529957347,2.7645165904468256
152,2021-05-29 13:56:32.656761,2.737634721555208,2.7645451599045803
153,2021-05-29 13:56:33.188594,2.737617036096411,2.76451568354189
154,2021-05-29 13:56:33.656477,2.7375966852361504,2.764479064322137
155,2021-05-29 13:56:34.161871,2.737573137590962,2.764441256369314
156,2021-05-29 13:56:34.673004,2.7375427667911234,2.7643949068509617
157,2021-05-29 13:56:35.170460,2.737491367728847,2.764325655190049
158,2021-05-29 13:56:35.673491,2.7374608863758136,2.7642820168145095
159,2021-05-29 13:56:36.193645,2.737456819546298,2.7643154732086375
160,2021-05-29 13:56:36.694044,2.737419068813324,2.764260138571262
161,2021-05-29 13:56:37.204258,2.7373808111463274,2.7642083404967503
162,2021-05-29 13:56:37.721137,2.737409562240412,2.7642221686280806
163,2021-05-29 13:56:38.228813,2.7374075980274224,2.7642128248156212
164,2021-05-29 13:56:38.725832,2.7373561408461593,2.764150884093308
165,2021-05-29 13:56:39.241319,2.737340382373694,2.7641200542449953
166,2021-05-29 13:56:39.741927,2.737335605793689,2.764101071530078
167,2021-05-29 13:56:40.242622,2.7373157147161975,2.764064653191024
168,2021-05-29 13:56:40.758118,2.737358032237916,2.7640994517576125
169,2021-05-29 13:56:41.259859,2.737357094443056,2.7641371537947794
170,2021-05-29 13:56:41.750406,2.7373410266988416,2.7641106423209694
171,2021-05-29 13:56:42.276860,2.7373179985068696,2.76407429907057
172,2021-05-29 13:56:42.764194,2.7373144876125246,2.7640553255413853
173,2021-05-29 13:56:43.261205,2.7373007460136636,2.764028569866467
174,2021-05-29 13:56:43.787637,2.737303235064978,2.7640141879004996
175,2021-05-29 13:56:44.294967,2.7372919532230924,2.763990994862148
176,2021-05-29 13:56:44.790891,2.7372425320473583,2.763925934379751
177,2021-05-29 13:56:45.301433,2.737231560346097,2.76389921452366
178,2021-05-29 13:56:45.794441,2.7371813715173956,2.763836164153024
179,2021-05-29 13:56:46.302767,2.7371765408436013,2.7638657239562305
180,2021-05-29 13:56:46.814772,2.7371427641974555,2.763816135459476
181,2021-05-29 13:56:47.319914,2.7371241506292017,2.7637839330494076
182,2021-05-29 13:56:47.833245,2.7371311082944767,2.7637817479751923
183,2021-05-29 13:56:48.333708,2.7371084742207343,2.763754813397517
184,2021-05-29 13:56:48.840192,2.7370917835961217,2.763723867095035
185,2021-05-29 13:56:49.352547,2.7370683038556898,2.763686684015635
186,2021-05-29 13:56:49.866361,2.7370445177119267,2.763647735759776
187,2021-05-29 13:56:50.365724,2.7370284368647613,2.763619391038456
188,2021-05-29 13:56:50.872535,2.7370141592431576,2.763605436112018
189,2021-05-29 13:56:51.383782,2.7369956200715726,2.7636221905864735
190,2021-05-29 13:56:51.880276,2.7369797430540386,2.763600676938107
191,2021-05-29 13:56:52.399609,2.7369620500434757,2.763571191208525
192,2021-05-29 13:56:52.890140,2.7369331705073514,2.7635303201774755
193,2021-05-29 13:56:53.405565,2.736945004043184,2.763531421750321
194,2021-05-29 13:56:53.888099,2.7369352271876384,2.7635134778071926
195,2021-05-29 13:56:54.409697,2.736934081102029,2.763500201396453
196,2021-05-29 13:56:54.910494,2.7369233418484122,2.763475492292521
197,2021-05-29 13:56:55.424493,2.736902587909989,2.7634440763347645
198,2021-05-29 13:56:55.934994,2.7369047258839463,2.763436850875315
199,2021-05-29 13:56:56.449137,2.736916041254398,2.7634820183317865
200,2021-05-29 13:56:56.947691,2.7369077134132387,2.763467617034912
201,2021-05-29 13:56:57.442904,2.736870331550712,2.763422998029794
202,2021-05-29 13:56:57.951025,2.7368446352458236,2.7633880778114395
203,2021-05-29 13:56:58.451501,2.736818514433988,2.7633541593410698
204,2021-05-29 13:56:58.954747,2.7368183474914702,2.763345371274387
205,2021-05-29 13:56:59.465300,2.7367888590184655,2.7633089344675947
206,2021-05-29 13:56:59.970773,2.7367882612839485,2.763295378499818
207,2021-05-29 13:57:00.465252,2.7367568972030125,2.7632585884868233
208,2021-05-29 13:57:01.001407,2.7367428988218307,2.7632401402180014
209,2021-05-29 13:57:01.498461,2.73671640505631,2.7632486375325036
210,2021-05-29 13:57:01.993942,2.7366814749581474,2.7632098402295795
211,2021-05-29 13:57:02.504607,2.7366727494515515,2.7631980457577097
212,2021-05-29 13:57:03.033084,2.7366786722866996,2.7631977841539204
213,2021-05-29 13:57:03.545946,2.7366404813220244,2.763154581678865
214,2021-05-29 13:57:04.031655,2.736622575287507,2.763130495481402
215,2021-05-29 13:57:04.574061,2.7366148693617,2.763119389290033
216,2021-05-29 13:57:05.060686,2.7366149348241313,2.7631120361663677
217,2021-05-29 13:57:05.588236,2.736586053250572,2.7630727851445775
218,2021-05-29 13:57:06.108918,2.736597856250378,2.763079665122776
219,2021-05-29 13:57:06.592042,2.7366066033437373,2.7631200579203425
220,2021-05-29 13:57:07.098470,2.7365753238851376,2.763086263699965
221,2021-05-29 13:57:07.992404,2.736574887150553,2.763077703536366
222,2021-05-29 13:57:08.213442,2.7365752415614084,2.763069517977603
223,2021-05-29 13:57:08.703689,2.7365547242185992,2.7630388041782807
224,2021-05-29 13:57:09.210842,2.736543686262199,2.7630205239568437
225,2021-05-29 13:57:09.718783,2.7365177143944632,2.7629884963565403
226,2021-05-29 13:57:10.234068,2.7364976690933767,2.7629548775411283
227,2021-05-29 13:57:10.755170,2.7364755916175336,2.762930478293465
228,2021-05-29 13:57:11.243916,2.736469371276989,2.7629145917139555
229,2021-05-29 13:57:11.831820,2.7364594415806267,2.7629355186978803
230,2021-05-29 13:57:12.271171,2.7364580776380456,2.762928514895232
231,2021-05-29 13:57:12.911908,2.7364391496171168,2.7629005723185354
232,2021-05-29 13:57:13.340141,2.7364361758889824,2.7628871181915544
233,2021-05-29 13:57:13.823190,2.7364181817345354,2.7628587786220176
234,2021-05-29 13:57:14.328310,2.7363973927294087,2.762825735613831
235,2021-05-29 13:57:14.847530,2.736398696899414,2.7628159594028556
236,2021-05-29 13:57:15.355185,2.7364127928927795,2.7628225916523044
237,2021-05-29 13:57:15.859105,2.736420079122616,2.762821908741561
238,2021-05-29 13:57:16.372104,2.7364079972275164,2.7628054789134433
239,2021-05-29 13:57:16.879516,2.7363974878478747,2.762821991573318
240,2021-05-29 13:57:17.478938,2.736390178402265,2.7628066688776016
241,2021-05-29 13:57:17.908031,2.7363968162615766,2.7628059258599498
242,2021-05-29 13:57:18.393772,2.736402634746772,2.7628065180187384
243,2021-05-29 13:57:18.908095,2.7364090970514243,2.7628048898751842
244,2021-05-29 13:57:19.411538,2.736393069634672,2.7627832713674327
245,2021-05-29 13:57:19.923657,2.7363844190325057,2.7627639137968725
246,2021-05-29 13:57:20.447287,2.7363932578544308,2.762762879937645
247,2021-05-29 13:57:20.926265,2.7363916958874537,2.7627543071020955
248,2021-05-29 13:57:21.441501,2.7363820652807913,2.7627399794517027
249,2021-05-29 13:57:21.949894,2.736352536572989,2.7627364440136644
250,2021-05-29 13:57:22.445005,2.7363417873382567,2.7627183246612548
251,2021-05-29 13:57:22.942403,2.7363401143199417,2.7627094342889063
252,2021-05-29 13:57:23.458228,2.7363343976792835,2.762696193324195
253,2021-05-29 13:57:23.965980,2.736337259352914,2.762697040799107
254,2021-05-29 13:57:24.459275,2.7363348786286483,2.7626880989299982
255,2021-05-29 13:57:24.964936,2.7363359030555277,2.7626810401093724
256,2021-05-29 13:57:25.471853,2.736311798915267,2.7626500884070992
257,2021-05-29 13:57:25.979716,2.73637403310041,2.762703502224577
258,2021-05-29 13:57:27.004321,2.7366215498872504,2.7629510339840437
259,2021-05-29 13:57:27.316135,2.736892115655553,2.763246180928352
260,2021-05-29 13:57:27.881440,2.737202868094811,2.763553659732525
261,2021-05-29 13:57:28.353335,2.7376512430636817,2.7639926914054316
262,2021-05-29 13:57:28.860838,2.7381804317008447,2.7645142688096023
263,2021-05-29 13:57:29.418367,2.738797651044316,2.765129299671478
264,2021-05-29 13:57:30.000839,2.739522875258417,2.7658529660918494
265,2021-05-29 13:57:30.485292,2.7403299412637385,2.766653636716447
266,2021-05-29 13:57:31.028223,2.741245664151988,2.7675620236791167
267,2021-05-29 13:57:31.558931,2.7422932560524242,2.7686031605866965
268,2021-05-29 13:57:32.074041,2.743359749886527,2.769661135637938
269,2021-05-29 13:57:32.634008,2.744532800518447,2.7708601313452736
270,2021-05-29 13:57:33.201856,2.7458373855661464,2.772160263414736
271,2021-05-29 13:57:33.788923,2.7471702494744443,2.7734866652541497
272,2021-05-29 13:57:34.422745,2.7486410211114323,2.774952142554171
273,2021-05-29 13:57:35.063203,2.7501820836748396,2.776492089142293
274,2021-05-29 13:57:35.774149,2.7518511210044805,2.778155929850836
275,2021-05-29 13:57:36.479441,2.7536065855893224,2.7799064272100273
276,2021-05-29 13:57:37.242980,2.7555060170698855,2.7817991669627204
277,2021-05-29 13:57:37.682277,2.7563267451331073,2.782613268828134
278,2021-05-29 13:57:37.965436,2.7562795191360037,2.7825629659693876
279,2021-05-29 13:57:38.522142,2.7564152363807923,2.7827287754277603
280,2021-05-29 13:57:39.134760,2.7564033244337356,2.7827166088989803
281,2021-05-29 13:57:39.616749,2.756372980375731,2.78268081522497
282,2021-05-29 13:57:40.466239,2.75664673206654,2.782950128223879
283,2021-05-29 13:57:40.682291,2.7565910428657125,2.782889781486862
284,2021-05-29 13:57:41.291363,2.7568578401082,2.7831502674331126
285,2021-05-29 13:57:41.807142,2.7572013888442726,2.783491675895557
286,2021-05-29 13:57:42.208214,2.757117849129897,2.7834011833150902
287,2021-05-29 13:57:42.874151,2.7573445300191954,2.7836220746256335
288,2021-05-29 13:57:43.307653,2.7575738032658896,2.783845617539353
289,2021-05-29 13:57:43.740088,2.7574816104862516,2.783775540784156
290,2021-05-29 13:57:44.306328,2.757554608377917,2.7838492508592276
291,2021-05-29 13:57:44.786300,2.757470252997277,2.783760253506428
292,2021-05-29 13:57:45.265451,2.75739576065377,2.783679053391496
293,2021-05-29 13:57:45.786240,2.757323790735759,2.783600371852263
294,2021-05-29 13:57:46.294508,2.7572511969780433,2.7835237047299235
295,2021-05-29 13:57:46.793129,2.757192140514568,2.7834574925697457
296,2021-05-29 13:57:47.282810,2.757113703199335,2.7833707187626815
297,2021-05-29 13:57:47.803611,2.7570375312458384,2.783285613011832
298,2021-05-29 13:57:48.310583,2.7569647523380767,2.783209044661298
299,2021-05-29 13:57:48.834686,2.756904346089698,2.783170903406813
300,2021-05-29 13:57:49.332672,2.756828232606252,2.7830910857518516
301,2021-05-29 13:57:49.836498,2.7567641806364853,2.783023393035331
302,2021-05-29 13:57:50.333289,2.756689099286566,2.782943091645146
303,2021-05-29 13:57:50.843051,2.756596617179342,2.7828474076274206
304,2021-05-29 13:57:51.382020,2.7565224994170037,2.782770352928262
305,2021-05-29 13:57:51.861320,2.756449808839892,2.7826951957139814
306,2021-05-29 13:57:52.371758,2.7563743661431706,2.7826133740493675
307,2021-05-29 13:57:52.886827,2.7563239549580927,2.7825597963426323
308,2021-05-29 13:57:53.395380,2.7562421281616407,2.7824768911708486
309,2021-05-29 13:57:53.894203,2.7561610940976435,2.7824237315785925
310,2021-05-29 13:57:54.591224,2.7560947187485234,2.7823563268107754
311,2021-05-29 13:57:54.914457,2.7560200974872258,2.782278009549598
312,2021-05-29 13:57:55.418562,2.7559455977036404,2.782198346578158
313,2021-05-29 13:57:55.937407,2.7558997355330104,2.782145277760661
314,2021-05-29 13:57:56.427235,2.7558342081725975,2.7820761036721007
315,2021-05-29 13:57:56.937309,2.7557554343390085,2.7819927889203266
316,2021-05-29 13:57:57.434758,2.755684245236312,2.781915516038484
317,2021-05-29 13:57:57.934651,2.755606576095244,2.781832107610131
318,2021-05-29 13:57:58.439275,2.7555452007917487,2.781765971543654
319,2021-05-29 13:57:58.962031,2.755473193703774,2.781721257117101
320,2021-05-29 13:57:59.453773,2.7554102808237078,2.781654104590416
321,2021-05-29 13:57:59.953318,2.755336528255189,2.7815766653910603
322,2021-05-29 13:58:00.454006,2.7552790915743905,2.781513363678263
323,2021-05-29 13:58:00.975177,2.7552199385852636,2.781453697304977
324,2021-05-29 13:58:01.495058,2.755172647811748,2.7814046527132574
325,2021-05-29 13:58:01.993887,2.755114586169903,2.7813458332648646
326,2021-05-29 13:58:02.491608,2.755049924177626,2.781280642638177
327,2021-05-29 13:58:03.007371,2.7549926469085415,2.78121929649913
328,2021-05-29 13:58:03.524357,2.754936351281841,2.781159238117497
329,2021-05-29 13:58:04.028069,2.7548851539298758,2.781132850241154
330,2021-05-29 13:58:04.531962,2.7548331658045453,2.781076955795288
331,2021-05-29 13:58:05.041055,2.7547869019638016,2.781025707181487
332,2021-05-29 13:58:05.778085,2.7547285133097543,2.7809611903615745
333,2021-05-29 13:58:06.044507,2.754674972356619,2.7809018308335953
334,2021-05-29 13:58:06.555844,2.754615756565939,2.7808388328837776
335,2021-05-29 13:58:07.067001,2.754543572753223,2.78076228312592
336,2021-05-29 13:58:07.575562,2.754492760414169,2.7807079532316754
337,2021-05-29 13:58:08.068444,2.7544339007369136,2.7806464401833737
338,2021-05-29 13:58:08.591078,2.75437608907914,2.7805875490403036
339,2021-05-29 13:58:09.113013,2.7543225126632196,2.7805568222451
340,2021-05-29 13:58:09.600030,2.754262457174413,2.780494920646443
341,2021-05-29 13:58:10.102723,2.7542155075632584,2.780443220194484
342,2021-05-29 13:58:10.610372,2.7541630407522995,2.7803877278378137
343,2021-05-29 13:58:11.112647,2.7541033776786517,2.780323795257435
344,2021-05-29 13:58:11.610745,2.754034548997879,2.780250371195549
345,2021-05-29 13:58:12.120921,2.753966113795405,2.780175560799198
346,2021-05-29 13:58:12.624720,2.7539072622453546,2.7801125228749535
347,2021-05-29 13:58:13.141130,2.7538635091754133,2.7800657364408288
348,2021-05-29 13:58:13.658696,2.7538268696302657,2.780026322123648
349,2021-05-29 13:58:14.184496,2.753779383990006,2.7799974567227514
350,2021-05-29 13:58:14.659544,2.7537266635894775,2.779941534314837
351,2021-05-29 13:58:15.178175,2.753700824205013,2.779912330486156
352,2021-05-29 13:58:15.677557,2.7536542523990977,2.7798617841167883
353,2021-05-29 13:58:16.182144,2.7536058277313837,2.779808145069198
354,2021-05-29 13:58:16.688879,2.7535489258793113,2.7797474463780723
355,2021-05-29 13:58:17.193682,2.753508466398212,2.7797039864768442
356,2021-05-29 13:58:17.711667,2.7534598862187245,2.7796494987573515
357,2021-05-29 13:58:18.239794,2.7534354674715957,2.77961916549533
358,2021-05-29 13:58:18.751403,2.7533970545124076,2.7795788389344454
359,2021-05-29 13:58:19.259622,2.7533526832346795,2.7795539838689947
360,2021-05-29 13:58:19.739649,2.753306198120117,2.77950533496009
361,2021-05-29 13:58:20.298706,2.7532395378704546,2.779435186174768
362,2021-05-29 13:58:20.775198,2.753185825453279,2.779376696486499
363,2021-05-29 13:58:21.279966,2.753136037138211,2.779323979185961
364,2021-05-29 13:58:21.810265,2.7530837006621307,2.779267676584013
365,2021-05-29 13:58:22.405754,2.7530291603036123,2.7792087927256546
366,2021-05-29 13:58:22.833915,2.752979373671318,2.77915412871564
367,2021-05-29 13:58:23.331409,2.75292788344443,2.7790993156485078
368,2021-05-29 13:58:23.865839,2.752886446273845,2.779057393903318
369,2021-05-29 13:58:24.391231,2.752830487279711,2.7790231982543863
370,2021-05-29 13:58:24.877334,2.752773133484093,2.7789632977666083
371,2021-05-29 13:58:25.452662,2.7527282173742824,2.7789160427700157
372,2021-05-29 13:58:25.896106,2.7526747674070378,2.7788575612088686
373,2021-05-29 13:58:26.415810,2.752629332504068,2.7788104595511594
374,2021-05-29 13:58:26.941435,2.7525762249441708,2.77875543533162
375,2021-05-29 13:58:27.436857,2.752534198760986,2.778708014806112
376,2021-05-29 13:58:28.015475,2.752486987950954,2.7786585498363414
377,2021-05-29 13:58:28.504631,2.7524351099757998,2.7786029523500395
378,2021-05-29 13:58:29.035567,2.7523920706340244,2.7785589076854564
379,2021-05-29 13:58:29.568311,2.7523576049502734,2.778549159736935
380,2021-05-29 13:58:30.222067,2.7523202795731394,2.7785109080766377
381,2021-05-29 13:58:30.580562,2.752284975502435,2.7784746850882303
382,2021-05-29 13:58:31.122346,2.752243828399019,2.778433813474565
383,2021-05-29 13:58:31.701722,2.752235699571455,2.7784240619320784
384,2021-05-29 13:58:32.178775,2.752194662888845,2.7783813724915185
385,2021-05-29 13:58:32.717614,2.752160812353159,2.778347243271865
386,2021-05-29 13:58:33.186065,2.7521149655080213,2.778297017893025
387,2021-05-29 13:58:33.697272,2.7520803518073502,2.778258911398954
388,2021-05-29 13:58:34.167637,2.752038583927548,2.7782168449814786
389,2021-05-29 13:58:34.706997,2.7519870331477385,2.7781875059966255
390,2021-05-29 13:58:35.207906,2.7519607366659704,2.77815962999295
391,2021-05-29 13:58:35.697228,2.751915231080311,2.7781130419972606
392,2021-05-29 13:58:36.203435,2.751873258425265,2.778069474259201
393,2021-05-29 13:58:36.712427,2.751822064547745,2.778016046106664
394,2021-05-29 13:58:37.218090,2.75177957200762,2.777971473442116
395,2021-05-29 13:58:37.738551,2.7517469623420814,2.7779356123525885
396,2021-05-29 13:58:38.275832,2.751718793252502,2.777903661583409
397,2021-05-29 13:58:38.769422,2.7516888395064423,2.7778742685726368
398,2021-05-29 13:58:39.263970,2.7516635488625147,2.777846881492653
399,2021-05-29 13:58:39.783842,2.7516346521544874,2.7778353553666806
400,2021-05-29 13:58:40.268830,2.7516023671627043,2.77780207157135
401,2021-05-29 13:58:40.797836,2.7515614728380617,2.7777595817299554
402,2021-05-29 13:58:41.258006,2.7515277542285066,2.7777234048985724
403,2021-05-29 13:58:41.841923,2.7514922932418937,2.777685625677369
404,2021-05-29 13:58:42.315305,2.751469776772036,2.7776623214825547
405,2021-05-29 13:58:42.825888,2.751438760757446,2.7776263301755173
406,2021-05-29 13:58:43.319572,2.751403281254134,2.7775882588231506
407,2021-05-29 13:58:43.831646,2.7513723496430043,2.777552217464775
408,2021-05-29 13:58:44.331683,2.7513321492017484,2.7775109930365693
409,2021-05-29 13:58:44.841213,2.751284370795439,2.7774843126171085
410,2021-05-29 13:58:45.344524,2.7512505380118766,2.7774495642359662
411,2021-05-29 13:58:45.852306,2.751213071990187,2.777409041304948
412,2021-05-29 13:58:46.337402,2.7511702174121893,2.7773646029453833
413,2021-05-29 13:58:46.864718,2.7511305029686657,2.777320612429418
414,2021-05-29 13:58:47.374363,2.7511032042296035,2.777290427166483
415,2021-05-29 13:58:47.865786,2.7510645573397716,2.777247433490064
416,2021-05-29 13:58:48.372136,2.751030911619847,2.777209891149631
417,2021-05-29 13:58:48.872620,2.7509948263923043,2.777170407686302
418,2021-05-29 13:58:49.378475,2.7509521571072666,2.7771251184518255
419,2021-05-29 13:58:49.899948,2.7509167234197722,2.7771075744902034
420,2021-05-29 13:58:50.373850,2.7508731160845077,2.777061178570702
421,2021-05-29 13:58:50.913142,2.750842880466488,2.7770282208494788
422,2021-05-29 13:58:51.402273,2.750796770597521,2.7769793588403275
423,2021-05-29 13:58:51.935011,2.7507520206712943,2.7769295718371163
424,2021-05-29 13:58:52.432438,2.750714406089963,2.776890902586703
425,2021-05-29 13:58:52.931196,2.7506822445813346,2.7768549964007208
426,2021-05-29 13:58:53.419224,2.750644045256673,2.776813376677428
427,2021-05-29 13:58:54.027714,2.7507672231705462,2.7769340106419156
428,2021-05-29 13:58:54.536556,2.7509318384054664,2.7770974307416756
429,2021-05-29 13:58:54.991216,2.750982205628793,2.7771688685828435
430,2021-05-29 13:58:55.465824,2.750953389323035,2.7771381733029386
431,2021-05-29 13:58:56.050870,2.7510888327578655,2.7772706180050313
432,2021-05-29 13:58:56.486335,2.751040361545704,2.7772196757572667
433,2021-05-29 13:58:57.043889,2.7511304988596788,2.7773059389057115
434,2021-05-29 13:58:57.549094,2.751218186545482,2.7773923698108867
435,2021-05-29 13:58:57.996415,2.7511883845274476,2.7773610071204176
436,2021-05-29 13:58:58.611830,2.751393235057866,2.7775612090705732
437,2021-05-29 13:58:59.011461,2.7513553697948323,2.7775209250111876
438,2021-05-29 13:58:59.553942,2.7514171910612553,2.7775815458602557
439,2021-05-29 13:59:00.661222,2.7528279077490803,2.77901069341325
440,2021-05-29 13:59:00.837729,2.752780097723007,2.7789591442454946
441,2021-05-29 13:59:01.422878,2.7528885470496283,2.779065678179129
442,2021-05-29 13:59:01.937100,2.752996728970454,2.7791706738968243
443,2021-05-29 13:59:02.444336,2.753152847290039,2.7793256073988317
444,2021-05-29 13:59:02.897616,2.7531303059947385,2.7792992065618702
445,2021-05-29 13:59:03.399530,2.753097066986427,2.7792638676889827
446,2021-05-29 13:59:03.948153,2.7531796704493297,2.7793429218600147
447,2021-05-29 13:59:04.407347,2.7531390734166905,2.7792997445569476
448,2021-05-29 13:59:05.001843,2.753267014665263,2.7794257418385575
449,2021-05-29 13:59:05.422284,2.753225960550967,2.7794034842127946
450,2021-05-29 13:59:06.014362,2.7533995321061875,2.779575692812602
451,2021-05-29 13:59:06.414224,2.753356695703815,2.7795321682340024
452,2021-05-29 13:59:06.952150,2.753305692060859,2.7794787409031287
453,2021-05-29 13:59:07.445428,2.7532677434664423,2.7794378419585577
454,2021-05-29 13:59:07.957723,2.753224882260293,2.779393822611166
455,2021-05-29 13:59:08.474576,2.7531846848162975,2.7793511333046377
456,2021-05-29 13:59:08.992067,2.7531450986862183,2.7793115278085074
457,2021-05-29 13:59:09.479068,2.7531039678293974,2.7792694928609567
458,2021-05-29 13:59:09.979145,2.753064914041211,2.779227741420529
459,2021-05-29 13:59:10.489074,2.75302215806799,2.779203502700739
460,2021-05-29 13:59:10.986785,2.7529909963193147,2.7791729735291524
461,2021-05-29 13:59:11.495499,2.7529556058234093,2.7791393242792557
462,2021-05-29 13:59:12.020473,2.7529371791071706,2.779124645443706
463,2021-05-29 13:59:12.509074,2.7528991652873884,2.7790853292329265
464,2021-05-29 13:59:13.017619,2.7528642842481874,2.779050944180324
465,2021-05-29 13:59:13.517931,2.7528228744383783,2.7790075102160054
466,2021-05-29 13:59:14.035828,2.752794374723803,2.7789775383830584
467,2021-05-29 13:59:14.509418,2.752746952677692,2.7789282681344663
468,2021-05-29 13:59:15.108664,2.75271432623904,2.7788939837716584
469,2021-05-29 13:59:15.553889,2.7526763695389476,2.7788747810859924
470,2021-05-29 13:59:16.067342,2.752641440959687,2.7788395785270854
471,2021-05-29 13:59:16.581845,2.7526103832666027,2.778808098689766
472,2021-05-29 13:59:17.065536,2.7525725829399237,2.778770043688305
473,2021-05-29 13:59:17.561760,2.752535674839141,2.7787305729081715
474,2021-05-29 13:59:18.074758,2.7525252154104822,2.7787179926779704
475,2021-05-29 13:59:18.593894,2.7524933368281315,2.7786848901447496
476,2021-05-29 13:59:19.103913,2.7524616563019633,2.778653972790021
477,2021-05-29 13:59:19.611228,2.7524212516328825,2.7786093972763926
478,2021-05-29 13:59:20.116520,2.7523925089935877,2.7785767596137076
479,2021-05-29 13:59:20.625837,2.7523529106490545,2.778555431545154
480,2021-05-29 13:59:21.124064,2.752315258483092,2.7785143673419954
481,2021-05-29 13:59:21.643192,2.752269283897416,2.7784660888560846
482,2021-05-29 13:59:22.136488,2.7522182509117603,2.778412386094881
483,2021-05-29 13:59:22.650702,2.7521899570836292,2.778383190834251
484,2021-05-29 13:59:23.152173,2.752149499644918,2.7783437967300415
485,2021-05-29 13:59:23.664640,2.75211959524253,2.778311703377163
486,2021-05-29 13:59:24.182191,2.7520867071033996,2.778276194270256
487,2021-05-29 13:59:24.658333,2.7520518699465835,2.778238676901471
488,2021-05-29 13:59:25.178403,2.7520219781359687,2.778203383820956
489,2021-05-29 13:59:25.687389,2.7519875367482505,2.778184937065608
490,2021-05-29 13:59:26.195762,2.751966876886329,2.778163607753053
491,2021-05-29 13:59:26.696931,2.751935610217621,2.7781305725851273
492,2021-05-29 13:59:27.198063,2.751895752864155,2.7780883714435545
493,2021-05-29 13:59:27.711655,2.751859152776474,2.7780483949015156
494,2021-05-29 13:59:28.218993,2.7518317969704444,2.7780193828860757
495,2021-05-29 13:59:28.731624,2.751806792827568,2.777994244026415
496,2021-05-29 13:59:29.261147,2.751767290696021,2.7779528234274156
497,2021-05-29 13:59:29.758820,2.75172961309882,2.777913627969907
498,2021-05-29 13:59:30.254744,2.751708823514272,2.777892790645002
499,2021-05-29 13:59:30.772948,2.7516935875038344,2.777897258559783
500,2021-05-29 13:59:31.265193,2.7516781091690063,2.7778805923461913
501,2021-05-29 13:59:31.816940,2.7516453632575546,2.777846284493239
502,2021-05-29 13:59:32.296189,2.751610431063223,2.7778153542978354
503,2021-05-29 13:59:32.808008,2.7515764482926657,2.7777789075142345
504,2021-05-29 13:59:33.312188,2.751534996051637,2.7777354688871476
505,2021-05-29 13:59:33.852044,2.7515002090151945,2.77770040955874
506,2021-05-29 13:59:34.332997,2.75147185589485,2.7776719317605845
507,2021-05-29 13:59:34.864870,2.751440259831897,2.777640356349757
508,2021-05-29 13:59:35.338700,2.7514110353049333,2.7776114349290144
509,2021-05-29 13:59:35.870994,2.7513775703714964,2.777600419544752
510,2021-05-29 13:59:36.378314,2.7513545569251567,2.777575960813784
511,2021-05-29 13:59:36.875380,2.7513259684269675,2.77754603673334
512,2021-05-29 13:59:37.392838,2.751303420867771,2.777524808421731
513,2021-05-29 13:59:37.923913,2.7513087576592876,2.7775285183570073
514,2021-05-29 13:59:38.417820,2.751305440520498,2.777525371614597
515,2021-05-29 13:59:38.900300,2.7512702585424034,2.777489354772475
516,2021-05-29 13:59:39.407621,2.751231247602507,2.7774484855260035
517,2021-05-29 13:59:39.916883,2.751196841437305,2.777410889040801
518,2021-05-29 13:59:40.427615,2.7511737056680627,2.7773901233341705
519,2021-05-29 13:59:40.945811,2.7511433029909815,2.777378482395973
520,2021-05-29 13:59:41.439907,2.7511128288048963,2.7773491666867183
521,2021-05-29 13:59:41.942261,2.751087213889651,2.777322052994067
522,2021-05-29 13:59:42.446907,2.751064080388153,2.7772975611960753
523,2021-05-29 13:59:42.963136,2.7510323255513414,2.7772653239634937
524,2021-05-29 13:59:43.487576,2.7509953825528384,2.777225345600652
525,2021-05-29 13:59:43.977394,2.750956955864316,2.7771867729368664
526,2021-05-29 13:59:44.493040,2.7509285828006584,2.7771577848681024
527,2021-05-29 13:59:44.971741,2.7508981173585894,2.7771252020486616
528,2021-05-29 13:59:45.523360,2.750869171185927,2.7770945511081
529,2021-05-29 13:59:46.065284,2.750869996155593,2.7771114050102597
530,2021-05-29 13:59:46.579568,2.7508744500718025,2.7771181335989032
531,2021-05-29 13:59:47.115211,2.751017922510984,2.7772601993294983
532,2021-05-29 13:59:47.679071,2.751005552765122,2.7772463690069387
533,2021-05-29 13:59:48.124892,2.7510002970024523,2.777240316147652
534,2021-05-29 13:59:48.643603,2.750980581237136,2.7772192673736744
535,2021-05-29 13:59:49.416630,2.751487457863638,2.7777259835573
536,2021-05-29 13:59:49.647477,2.7514792480575503,2.777714406821265
537,2021-05-29 13:59:50.192624,2.7514775092375343,2.77771102915929
538,2021-05-29 13:59:50.682202,2.751469123319179,2.777702965257779
539,2021-05-29 13:59:51.188820,2.7514579720753685,2.777709537180545
540,2021-05-29 13:59:51.656822,2.751450741732562,2.777701301486404
541,2021-05-29 13:59:52.190141,2.7514405929226973,2.777687958119757
542,2021-05-29 13:59:52.705232,2.751431320426209,2.7776761508075953
543,2021-05-29 13:59:53.211922,2.7514194489403545,2.7776642750200864
544,2021-05-29 13:59:53.689813,2.751380654380602,2.7776234114871308
545,2021-05-29 13:59:54.178791,2.7513505966291514,2.777590055203219
546,2021-05-29 13:59:54.715512,2.7513297473117984,2.7775670220127036
547,2021-05-29 13:59:55.226825,2.751298751865924,2.7775322183612494
548,2021-05-29 13:59:55.724781,2.7512640082923165,2.777494182986935
549,2021-05-29 13:59:56.302609,2.751245271964151,2.7774923286368502
550,2021-05-29 13:59:56.732988,2.751221833229065,2.777467283335599
551,2021-05-29 13:59:57.248820,2.7511967517935862,2.7774410403575307
552,2021-05-29 13:59:57.764549,2.7511676528315614,2.777410033820332
553,2021-05-29 13:59:58.273097,2.751149591011337,2.777388848189204
554,2021-05-29 13:59:58.780275,2.751121190480807,2.7773593319882557
555,2021-05-29 13:59:59.291459,2.7510959049602888,2.7773299242999103
556,2021-05-29 13:59:59.812613,2.7510820116928154,2.7773167632466595
557,2021-05-29 14:00:00.295960,2.7510553887331293,2.7772872550697256
558,2021-05-29 14:00:00.867413,2.751021747948021,2.7772516430919745
559,2021-05-29 14:00:01.323250,2.750993487660062,2.777237927551133
560,2021-05-29 14:00:01.832643,2.750972072141511,2.777215997661863
561,2021-05-29 14:00:02.306931,2.750957301168731,2.7771994923100327
562,2021-05-29 14:00:02.826962,2.7509200186916094,2.7771640031787426
563,2021-05-29 14:00:03.345464,2.7508964428469724,2.7771388781430666
564,2021-05-29 14:00:03.868122,2.750875172462869,2.777117172031538
565,2021-05-29 14:00:04.390227,2.7508721414920503,2.777113780722154
566,2021-05-29 14:00:04.850746,2.750857394912639,2.7770970545893423
567,2021-05-29 14:00:05.416931,2.7508377314034385,2.777076894854322
568,2021-05-29 14:00:05.911203,2.750835587441082,2.7770738962670447
569,2021-05-29 14:00:06.455311,2.750809776762039,2.7770645249707
570,2021-05-29 14:00:06.946486,2.750794600185595,2.7770505064412165
571,2021-05-29 14:00:07.449878,2.7507748854348204,2.7770292846626243
572,2021-05-29 14:00:07.984837,2.7507642386676547,2.7770189788791684
573,2021-05-29 14:00:08.489032,2.7507441072979937,2.7769990791200967
574,2021-05-29 14:00:08.945956,2.750714183269062,2.7769690220364294
575,2021-05-29 14:00:09.469086,2.7506868063885235,2.77694241648135
576,2021-05-29 14:00:09.988888,2.7506639547646046,2.7769203243984117
577,2021-05-29 14:00:10.483253,2.750662970997432,2.7769204173592184
578,2021-05-29 14:00:11.010050,2.7506420764956094,2.776898938891797
579,2021-05-29 14:00:11.519761,2.750626891799953,2.7769032685867865
580,2021-05-29 14:00:12.002963,2.750607532057269,2.776885177349222
581,2021-05-29 14:00:12.516781,2.7505783665405903,2.776857856629022
582,2021-05-29 14:00:13.065028,2.7505611971891213,2.776840228395364
583,2021-05-29 14:00:13.555822,2.7505411030293327,2.7768194544581157
584,2021-05-29 14:00:14.073223,2.7505315285022944,2.7768117691556067
585,2021-05-29 14:00:14.570061,2.7505390383239483,2.7768181568537003
586,2021-05-29 14:00:15.166035,2.750523160748921,2.7768003724947725
587,2021-05-29 14:00:15.605574,2.750509701554982,2.77678495818143
588,2021-05-29 14:00:16.148317,2.7505032979712194,2.776777118241706
589,2021-05-29 14:00:16.743565,2.750684842189018,2.7769770330807955
590,2021-05-29 14:00:17.141852,2.7506816560939207,2.776973059217809
591,2021-05-29 14:00:17.754801,2.7508703928106732,2.7771593439195765
592,2021-05-29 14:00:18.218225,2.7509998743598527,2.777286918582143
593,2021-05-29 14:00:18.718768,2.75109647417953,2.7773831686724297
594,2021-05-29 14:00:19.389595,2.7514966035932806,2.7777832168521304
595,2021-05-29 14:00:19.620888,2.7514908245631626,2.7777763414783636
596,2021-05-29 14:00:20.252725,2.7516100582660443,2.7778931276110193
597,2021-05-29 14:00:20.667715,2.7516013972922986,2.7778825480334923
598,2021-05-29 14:00:21.249988,2.751771628657312,2.7780502201322728
599,2021-05-29 14:00:21.686263,2.751751199588553,2.7780455201615477
600,2021-05-29 14:00:22.189247,2.751753356059392,2.77804644147555
601,2021-05-29 14:00:22.680543,2.7517416469269307,2.778034876269628
602,2021-05-29 14:00:23.172531,2.75171694565453,2.778009083579941
603,2021-05-29 14:00:23.684955,2.7516927877271153,2.77798438309437
604,2021-05-29 14:00:24.187220,2.751669510310849,2.777960914254978
605,2021-05-29 14:00:24.725166,2.7516561169269655,2.777946361825486
606,2021-05-29 14:00:25.184845,2.7516367297754822,2.777924395630462
607,2021-05-29 14:00:25.702079,2.751607392529483,2.777893388880144
608,2021-05-29 14:00:26.257359,2.75159837383973,2.7778832285027755
609,2021-05-29 14:00:26.732110,2.7515718181340763,2.777871209020881
610,2021-05-29 14:00:27.223065,2.751547643786571,2.7778465630578215
611,2021-05-29 14:00:27.758042,2.7515481368999826,2.7778452024132063
612,2021-05-29 14:00:28.234452,2.7515183979389715,2.7778138292381187
613,2021-05-29 14:00:28.751306,2.7514919764066015,2.777784911104361
614,2021-05-29 14:00:29.265226,2.7514559756661083,2.777746835050055
615,2021-05-29 14:00:29.788876,2.75142935931198,2.777717644218507
616,2021-05-29 14:00:30.272906,2.751409086701158,2.777694926633463
617,2021-05-29 14:00:30.777839,2.75137430535723,2.777658726446439
618,2021-05-29 14:00:31.270096,2.7513509375377767,2.777632672038279
