"Id","Watt","currentTime","core0Usage...","core1Usage...","core2Usage...","core3Usage...","totalCpuUsage...","totalMemory","availableMemory","usedMemory","percentageMemory...","buffersMemory","cachedMemory","totalSwap","freeSwap","usedSwap","percentageSwap...","totalExt4Partition","usedExt4Partition","freeExt4Partition","percentageExt4Partition...","totalBootPartition","usedBootPartition","freeBootPartition","percentageBootPartition...","total_IO_read","total_IO_write","Time","Platform","Algorithm","Size","Workload"
1,4.7,"2021-07-21 19:46:35.796237",28.6,14.3,0,33.3,50,3979698176,3647787008,222384128,8.3,10117120,227979264,104853504,32768,104820736,100,15379681280,13292253184,1410691072,90.4,264289280,30773248,233516032,11.6,208489512448,213390336,0,"EDGE","CNN","8",0.1
2,4.1,"2021-07-21 19:46:36.306049",22.4,9.8,6,18,50,3979698176,3641335808,227016704,8.5,10674176,230756352,104853504,32768,104820736,100,15379681280,13292253184,1410691072,90.4,264289280,30773248,233516032,11.6,208490925568,213390336,0.00849686861038208,"EDGE","CNN","8",0.1
3,4.4,"2021-07-21 19:46:36.816113",3.8,2,2,11.5,0,3979698176,3641671680,226791424,8.5,10682368,233070592,104853504,32768,104820736,100,15379681280,13292253184,1410691072,90.4,264289280,30773248,233516032,11.6,208492703232,213443584,0.0169979333877563,"EDGE","CNN","8",0.1
4,4.5,"2021-07-21 19:46:37.325567",16,34.6,22.4,16,0,3979698176,3637448704,231022592,8.6,10719232,234221568,104853504,32768,104820736,100,15379681280,13292253184,1410691072,90.4,264289280,30773248,233516032,11.6,208494005760,213443584,0.0254888335863749,"EDGE","CNN","8",0.1
5,4.6,"2021-07-21 19:46:37.834972",0,22.4,7.8,3.9,33.3,3979698176,3635019776,233439232,8.7,10752000,235642880,104853504,32768,104820736,100,15379681280,13292253184,1410691072,90.4,264289280,30773248,233516032,11.6,208495414784,213443584,0.0339789152145386,"EDGE","CNN","8",0.1
6,4.7,"2021-07-21 19:46:38.344454",5.9,5.9,10,4,33.3,3979698176,3633471488,234950656,8.7,10899456,237338624,104853504,32768,104820736,100,15379681280,13292253184,1410691072,90.4,264289280,30773248,233516032,11.6,208497081856,213443584,0.0424702843030294,"EDGE","CNN","8",0.1
7,4.6,"2021-07-21 19:46:38.853864",4,6,3.9,14,0,3979698176,3631075328,237170688,8.8,11571200,238043136,104853504,32768,104820736,100,15379681280,13292253184,1410691072,90.4,264289280,30773248,233516032,11.6,208498552320,213443584,0.0509604493776957,"EDGE","CNN","8",0.1
8,4.5,"2021-07-21 19:46:39.363842",4.1,14.3,0,36.5,50,3979698176,3626078208,242585600,8.9,12337152,242716672,104853504,32768,104820736,100,15379681280,13292253184,1410691072,90.4,264289280,30773248,233516032,11.6,208504311296,213443584,0.0594600836435954,"EDGE","CNN","8",0.1
9,4.3,"2021-07-21 19:46:39.878361",7.7,5.8,51,25,50,3979698176,3617361920,251314176,9.1,12595200,247148544,104853504,32768,104820736,100,15379681280,13292253184,1410691072,90.4,264289280,30773248,233516032,11.6,208509140480,213443584,0.0680353999137878,"EDGE","CNN","8",0.1
10,3.9,"2021-07-21 19:46:40.398888",23.5,46.2,13.2,4,66.7,3979698176,3608653824,259985408,9.3,12976128,251514880,104853504,32768,104820736,100,15379681280,13292249088,1410695168,90.4,264289280,30773248,233516032,11.6,208513781248,213443584,0.076710851987203,"EDGE","CNN","8",0.1
11,3.7,"2021-07-21 19:46:40.911701",25.5,9.8,11.5,58.8,100,3979698176,3600642048,267870208,9.5,13004800,254181376,104853504,32768,104820736,100,15379681280,13292249088,1410695168,90.4,264289280,30773248,233516032,11.6,208516546048,213443584,0.0852577328681946,"EDGE","CNN","8",0.1
12,3.7,"2021-07-21 19:46:41.426359",7.8,7.7,57.1,25,50,3979698176,3594375168,274018304,9.7,13619200,257224704,104853504,32768,104820736,100,15379681280,13292249088,1410695168,90.4,264289280,30773248,233516032,11.6,208520121856,213443584,0.0938353657722473,"EDGE","CNN","8",0.1
13,3.7,"2021-07-21 19:46:41.936603",6,14,11.8,4,0,3979698176,3591499776,277065728,9.8,14000128,274698240,104853504,32768,104820736,100,15379681280,13292249088,1410695168,90.4,264289280,30773248,233516032,11.6,208537800192,213443584,0.102339434623718,"EDGE","CNN","8",0.1
14,3.4,"2021-07-21 19:46:42.447894",24,0,7.8,5.9,50,3979698176,3591458816,276533248,9.8,14008320,291737600,104853504,32768,104820736,100,15379681280,13292249088,1410695168,90.4,264289280,30773248,233516032,11.6,208554409472,213468160,0.110860951741536,"EDGE","CNN","8",0.1
15,NA,"2021-07-21 19:46:42.958091",13.2,3.9,2,47.2,0,3979698176,3585220608,281710592,9.9,14008320,306671616,104853504,32768,104820736,100,15379681280,13292249088,1410695168,90.4,264289280,30773248,233516032,11.6,208568294912,213468160,0.119364233811696,"EDGE","CNN","8",0.1
16,NA,"2021-07-21 19:46:43.469015",6.1,58.8,2,7.7,50,3979698176,3574669312,292352000,10.2,14450688,314957824,104853504,32768,104820736,100,15379681280,13292249088,1410695168,90.4,264289280,30773248,233516032,11.6,208577052160,213468160,0.127879631519318,"EDGE","CNN","8",0.1
17,NA,"2021-07-21 19:46:43.979594",13.7,4,28,4.1,50,3979698176,3570315264,296738816,10.3,14655488,326639616,104853504,32768,104820736,100,15379681280,13292253184,1410691072,90.4,264289280,30773248,233516032,11.6,208588992000,213468160,0.136389283339183,"EDGE","CNN","8",0.1
18,NA,"2021-07-21 19:46:44.489951",37,6,4,13.5,50,3979698176,3564445696,302522368,10.4,14704640,338337792,104853504,32768,104820736,100,15379681280,13292253184,1410691072,90.4,264289280,30773248,233516032,11.6,208600657408,213468160,0.144895231723785,"EDGE","CNN","8",0.1
19,NA,"2021-07-21 19:46:44.999861",10,6,0,78,33.3,3979698176,3557859328,309661696,10.6,14737408,341987328,104853504,32768,104820736,100,15379681280,13292253184,1410691072,90.4,264289280,30773248,233516032,11.6,208604708352,213468160,0.153393733501434,"EDGE","CNN","8",0.1
20,NA,"2021-07-21 19:46:45.516930",15.4,5.8,33.3,5.7,50,3979698176,3554041856,313475072,10.7,14966784,354476032,104853504,32768,104820736,100,15379681280,13292253184,1410691072,90.4,264289280,30773248,233516032,11.6,208617819648,213468160,0.162011551856995,"EDGE","CNN","8",0.1
21,NA,"2021-07-21 19:46:46.028360",54,7.7,9.6,5.9,0,3979698176,3551277056,317300736,10.8,14974976,363028480,104853504,32768,104820736,100,15379681280,13292253184,1410691072,90.4,264289280,30773248,233516032,11.6,208627305984,213468160,0.17053538163503,"EDGE","CNN","8",0.1
22,NA,"2021-07-21 19:46:46.538354",37.3,4,26,7.8,33.3,3979698176,3545677824,322703360,10.9,15216640,369770496,104853504,32768,104820736,100,15379681280,13292253184,1410691072,90.4,264289280,30773248,233516032,11.6,208634211840,213468160,0.17903528213501,"EDGE","CNN","8",0.1
23,NA,"2021-07-21 19:46:47.048781",62.7,3.9,6,4.1,0,3979698176,3539513344,328871936,11.1,15388672,375541760,104853504,32768,104820736,100,15379681280,13292253184,1410691072,90.4,264289280,30773248,233516032,11.6,208640220672,213468160,0.18754239877065,"EDGE","CNN","8",0.1
24,NA,"2021-07-21 19:46:47.559304",69.4,6,6,7.8,50,3979698176,3535654912,332947456,11.2,15454208,380837888,104853504,32768,104820736,100,15379681280,13292253184,1410691072,90.4,264289280,30773248,233516032,11.6,208645463552,213468160,0.196051116784414,"EDGE","CNN","8",0.1
25,NA,"2021-07-21 19:46:48.069681",12,3.9,3.9,52,50,3979698176,3529990144,338567168,11.3,15839232,387993600,104853504,32768,104820736,100,15379681280,13292253184,1410691072,90.4,264289280,30773248,233516032,11.6,208653147648,213480448,0.204557398955027,"EDGE","CNN","8",0.1
26,NA,"2021-07-21 19:46:48.580545",6,5.8,62,7.8,50,3979698176,3523940352,344641536,11.5,16494592,390295552,104853504,32768,104820736,100,15379681280,13292261376,1410682880,90.4,264289280,30773248,233516032,11.6,208655883776,213480448,0.213071799278259,"EDGE","CNN","8",0.1
27,NA,"2021-07-21 19:46:49.091235",4,4,2,32.7,100,3979698176,3520421888,348012544,11.5,16527360,391520256,104853504,32768,104820736,100,15379681280,13292261376,1410682880,90.4,264289280,30773248,233516032,11.6,208657075712,213480448,0.221583298842112,"EDGE","CNN","8",0.1
28,NA,"2021-07-21 19:46:49.601201",0,6,19.6,7.8,33.3,3979698176,3518545920,350003200,11.6,16834560,392593408,104853504,32768,104820736,100,15379681280,13292261376,1410682880,90.4,264289280,30773248,233516032,11.6,208658390528,213480448,0.230082734425863,"EDGE","CNN","8",0.1
29,NA,"2021-07-21 19:46:50.111370",2,12,6,4,33.3,3979698176,3517341696,351203328,11.6,16859136,394207232,104853504,32768,104820736,100,15379681280,13292261376,1410682880,90.4,264289280,30773248,233516032,11.6,208660090368,213480448,0.238585551579793,"EDGE","CNN","8",0.1
30,NA,"2021-07-21 19:46:50.620818",3.8,5.9,7.8,3.9,0,3979698176,3517091840,351436800,11.6,16859136,396296192,104853504,32768,104820736,100,15379681280,13292261376,1410682880,90.4,264289280,30773248,233516032,11.6,208662089216,213480448,0.247076348463694,"EDGE","CNN","8",0.1
31,NA,"2021-07-21 19:46:51.142515",2,6,9.6,7.7,50,3979698176,3516481536,352043008,11.6,16859136,398270464,104853504,32768,104820736,100,15379681280,13292261376,1410682880,90.4,264289280,30773248,233516032,11.6,208664161792,213480448,0.255771299203237,"EDGE","CNN","8",0.1
32,NA,"2021-07-21 19:46:51.652825",25.5,9.4,11.5,5.9,50,3979698176,3513442304,354594816,11.7,16891904,400072704,104853504,32768,104820736,100,15379681280,13292261376,1410682880,90.4,264289280,30773248,233516032,11.6,208665431552,213480448,0.264276468753815,"EDGE","CNN","8",0.1
33,NA,"2021-07-21 19:46:52.162544",16,6,6,5.8,100,3979698176,3511627776,356417536,11.8,16908288,401588224,104853504,32768,104820736,100,15379681280,13292261376,1410682880,90.4,264289280,30773248,233516032,11.6,208666832384,213480448,0.27277178366979,"EDGE","CNN","8",0.1
34,NA,"2021-07-21 19:46:52.673734",3.9,4,31.4,3.9,0,3979698176,3508928512,359116800,11.8,16916480,405848064,104853504,32768,104820736,100,15379681280,13292261376,1410682880,90.4,264289280,30773248,233516032,11.6,208671415808,213480448,0.281291615962982,"EDGE","CNN","8",0.1
1,4.6,"2021-07-21 19:05:34.136803",0,66.7,0,75,33.3,3979698176,3636699136,233467904,8.6,8945664,226127872,104853504,53248,104800256,99.9,15379681280,13282648064,1420296192,90.3,264289280,30773248,233516032,11.6,141720976896,202028032,0,"EDGE","CNN","8",0.25
2,4.1,"2021-07-21 19:05:34.647104",55.1,6,3.9,10.4,0,3979698176,3627794432,240885760,8.8,10084352,235892736,104853504,53248,104800256,99.9,15379681280,13282648064,1420296192,90.3,264289280,30773248,233516032,11.6,141729955328,202028032,0.00850501855214437,"EDGE","CNN","8",0.25
3,4.2,"2021-07-21 19:05:35.157027",6,62,2,11.3,0,3979698176,3619979264,248684544,9,10772480,240824320,104853504,53248,104800256,99.9,15379681280,13282648064,1420296192,90.3,264289280,30773248,233516032,11.6,141735427584,202028032,0.0170037349065145,"EDGE","CNN","8",0.25
4,4.2,"2021-07-21 19:05:35.667413",9.8,71.4,4,4.1,50,3979698176,3610955776,257695744,9.3,11309056,243662848,104853504,53248,104800256,99.9,15379681280,13282648064,1420296192,90.3,264289280,30773248,233516032,11.6,141738913280,202028032,0.0255101680755615,"EDGE","CNN","8",0.25
5,4.1,"2021-07-21 19:05:36.177709",12,5.8,72.9,1.9,0,3979698176,3602227200,266547200,9.5,11329536,247951360,104853504,53248,104800256,99.9,15379681280,13282648064,1420296192,90.3,264289280,30773248,233516032,11.6,141743189504,202028032,0.0340151031812032,"EDGE","CNN","8",0.25
6,4.2,"2021-07-21 19:05:36.688870",11.8,5.9,81.1,2,50,3979698176,3596087296,272515072,9.6,11546624,250540032,104853504,53248,104800256,99.9,15379681280,13282648064,1420296192,90.3,264289280,30773248,233516032,11.6,141745888768,202028032,0.0425344506899516,"EDGE","CNN","8",0.25
7,4.1,"2021-07-21 19:05:37.198822",9.6,9.8,25.5,2,50,3979698176,3592331264,276406272,9.7,12349440,265973760,104853504,53248,104800256,99.9,15379681280,13282648064,1420296192,90.3,264289280,30773248,233516032,11.6,141762231808,202028032,0.0510336518287659,"EDGE","CNN","8",0.25
8,3.8,"2021-07-21 19:05:37.708659",12,3.9,11.3,22.2,50,3979698176,3591815168,276897792,9.7,12349440,283803648,104853504,53248,104800256,99.9,15379681280,13282648064,1420296192,90.3,264289280,30773248,233516032,11.6,141780057600,202028032,0.0595309336980184,"EDGE","CNN","8",0.25
9,4,"2021-07-21 19:05:38.218541",7.8,44,6,2,0,3979698176,3588030464,280735744,9.8,12349440,298287104,104853504,53248,104800256,99.9,15379681280,13282639872,1420304384,90.3,264289280,30773248,233516032,11.6,141794549248,202028032,0.0680289665857951,"EDGE","CNN","8",0.25
10,4.1,"2021-07-21 19:05:38.734955",17,17.6,2,7.8,50,3979698176,3580600320,287576064,10,12783616,307785728,104853504,53248,104800256,99.9,15379681280,13282639872,1420304384,90.3,264289280,30773248,233516032,11.6,141803900416,202028032,0.0766358693440755,"EDGE","CNN","8",0.25
11,3.7,"2021-07-21 19:05:39.245540",49,10,5.9,5.9,50,3979698176,3575009280,293122048,10.2,12947456,308527104,104853504,53248,104800256,99.9,15379681280,13282639872,1420304384,90.3,264289280,30773248,233516032,11.6,141804613120,202028032,0.0851456165313721,"EDGE","CNN","8",0.25
12,3.7,"2021-07-21 19:05:39.754829",4.1,7.8,7.7,0,0,3979698176,3573555200,294604800,10.2,12955648,310390784,104853504,53248,104800256,99.9,15379681280,13282639872,1420304384,90.3,264289280,30773248,233516032,11.6,141806562816,202064896,0.093633766969045,"EDGE","CNN","8",0.25
13,3.8,"2021-07-21 19:05:40.264103",9.6,2,3.9,0,0,3979698176,3573481472,294723584,10.2,12955648,312336384,104853504,53248,104800256,99.9,15379681280,13282639872,1420304384,90.3,264289280,30773248,233516032,11.6,141808487936,202064896,0.10212166706721,"EDGE","CNN","8",0.25
14,NA,"2021-07-21 19:05:40.773387",4.1,7.8,3.9,0,33.3,3979698176,3573448704,294764544,10.2,12955648,314376192,104853504,53248,104800256,99.9,15379681280,13282639872,1420304384,90.3,264289280,30773248,233516032,11.6,141810572800,202064896,0.11060973405838,"EDGE","CNN","8",0.25
15,NA,"2021-07-21 19:05:41.282818",5.8,3.9,6.1,1.9,50,3979698176,3573108736,295096320,10.2,12963840,316375040,104853504,53248,104800256,99.9,15379681280,13282639872,1420304384,90.3,264289280,30773248,233516032,11.6,141812588032,202064896,0.119100252787272,"EDGE","CNN","8",0.25
16,NA,"2021-07-21 19:05:41.792104",4.1,5.9,5.8,2,0,3979698176,3572396032,295284736,10.2,12963840,318717952,104853504,53248,104800256,99.9,15379681280,13282648064,1420296192,90.3,264289280,30773248,233516032,11.6,141814332928,202064896,0.127588351567586,"EDGE","CNN","8",0.25
17,NA,"2021-07-21 19:05:42.301864",7.7,4,8.3,12,0,3979698176,3570348032,297271296,10.3,13021184,323108864,104853504,53248,104800256,99.9,15379681280,13282652160,1420292096,90.3,264289280,30773248,233516032,11.6,141818854912,202064896,0.136084349950155,"EDGE","CNN","8",0.25
18,NA,"2021-07-21 19:05:42.811945",7.8,37.3,18,7.8,0,3979698176,3563528192,304078848,10.5,13053952,332042240,104853504,53248,104800256,99.9,15379681280,13282652160,1420292096,90.3,264289280,30773248,233516032,11.6,141827898880,202064896,0.144585700829824,"EDGE","CNN","8",0.25
19,NA,"2021-07-21 19:05:43.329436",5.9,5.8,64.6,11.8,25,3979698176,3558260736,309403648,10.6,13230080,338411520,104853504,53248,104800256,99.9,15379681280,13282652160,1420292096,90.3,264289280,30773248,233516032,11.6,141834485248,202064896,0.153210552533468,"EDGE","CNN","8",0.25
20,NA,"2021-07-21 19:05:43.839804",19.6,9.6,3.8,13.7,0,3979698176,3554230272,313102336,10.7,13316096,351399936,104853504,53248,104800256,99.9,15379681280,13282652160,1420292096,90.3,264289280,30773248,233516032,11.6,141847711232,202064896,0.161716683705648,"EDGE","CNN","8",0.25
21,NA,"2021-07-21 19:05:44.349668",58,4,8,4.1,0,3979698176,3550466048,317710336,10.8,13324288,359944192,104853504,53248,104800256,99.9,15379681280,13282652160,1420292096,90.3,264289280,30773248,233516032,11.6,141856476672,202064896,0.170214418570201,"EDGE","CNN","8",0.25
22,NA,"2021-07-21 19:05:44.859840",6,6,54,3.9,50,3979698176,3545292800,322760704,10.9,13598720,366489600,104853504,53248,104800256,99.9,15379681280,13282652160,1420292096,90.3,264289280,30773248,233516032,11.6,141863349760,202064896,0.178717283407847,"EDGE","CNN","8",0.25
23,NA,"2021-07-21 19:05:45.370183",62.5,11.3,3.9,2,50,3979698176,3538759680,329256960,11.1,13762560,370409472,104853504,53248,104800256,99.9,15379681280,13282652160,1420292096,90.3,264289280,30773248,233516032,11.6,141867408896,202081280,0.187223001321157,"EDGE","CNN","8",0.25
24,NA,"2021-07-21 19:05:45.880452",9.8,7.8,59.6,7.7,33.3,3979698176,3534282752,333877248,11.2,13811712,377700352,104853504,53248,104800256,99.9,15379681280,13282652160,1420292096,90.3,264289280,30773248,233516032,11.6,141874798080,202081280,0.195727483431498,"EDGE","CNN","8",0.25
25,NA,"2021-07-21 19:05:46.390671",10,3.9,56,3.9,66.7,3979698176,3529134080,339001344,11.3,14192640,382685184,104853504,53248,104800256,99.9,15379681280,13282652160,1420292096,90.3,264289280,30773248,233516032,11.6,141880040960,202118144,0.204231135050456,"EDGE","CNN","8",0.25
26,NA,"2021-07-21 19:05:46.901233",13.7,3.9,72.3,2,0,3979698176,3521507328,346644480,11.5,14864384,384966656,104853504,53248,104800256,99.9,15379681280,13282652160,1420292096,90.3,264289280,30773248,233516032,11.6,141883063808,202118144,0.212740500768026,"EDGE","CNN","8",0.25
27,NA,"2021-07-21 19:05:47.411776",6.1,16,40.8,3.9,50,3979698176,3515813888,352321536,11.7,15220736,392593408,104853504,53248,104800256,99.9,15379681280,13282652160,1420292096,90.3,264289280,30773248,233516032,11.6,141891010048,202118144,0.2212495525678,"EDGE","CNN","8",0.25
28,NA,"2021-07-21 19:05:47.922167",10,3.9,9.8,56.3,50,3979698176,3508924416,358031360,11.8,15269888,400510976,104853504,53248,104800256,99.9,15379681280,13282652160,1420292096,90.3,264289280,30773248,233516032,11.6,141897862656,202118144,0.22975606918335,"EDGE","CNN","8",0.25
29,NA,"2021-07-21 19:05:48.432809",5.9,4,9.8,69.8,100,3979698176,3504803840,362295296,11.9,15351808,405712896,104853504,53248,104800256,99.9,15379681280,13282652160,1420292096,90.3,264289280,30773248,233516032,11.6,141903146496,202118144,0.238266770044963,"EDGE","CNN","8",0.25
30,NA,"2021-07-21 19:05:48.943233",8.2,7.8,4,31.2,33.3,3979698176,3502546944,364404736,12,15974400,414060544,104853504,53248,104800256,99.9,15379681280,13282652160,1420292096,90.3,264289280,30773248,233516032,11.6,141912141312,202118144,0.246773835023244,"EDGE","CNN","8",0.25
31,NA,"2021-07-21 19:05:49.455368",4,13.5,24.1,40,75,3979698176,3498573824,368435200,12.1,16822272,415133696,104853504,53248,104800256,99.9,15379681280,13282652160,1420292096,90.3,264289280,30773248,233516032,11.6,141914217984,202118144,0.255309418837229,"EDGE","CNN","8",0.25
32,NA,"2021-07-21 19:05:49.965226",51.9,54,58,52.9,50,3979698176,3495911424,371126272,12.2,17666048,419082240,104853504,53248,104800256,99.9,15379681280,13282652160,1420292096,90.3,264289280,30773248,233516032,11.6,141918846464,202118144,0.263807050387065,"EDGE","CNN","8",0.25
33,NA,"2021-07-21 19:05:50.475417",22,51,3.9,5.9,66.7,3979698176,3489914880,376168448,12.3,18313216,421175296,104853504,53248,104800256,99.9,15379681280,13282652160,1420292096,90.3,264289280,30773248,233516032,11.6,141920464384,202118144,0.27231023311615,"EDGE","CNN","8",0.25
34,NA,"2021-07-21 19:05:50.989470",11.5,9.8,9.6,31.4,0,3979698176,3489320960,377483264,12.3,19558400,421335040,104853504,53248,104800256,99.9,15379681280,13282652160,1420292096,90.3,264289280,30773248,233516032,11.6,141922373120,202155008,0.28087778488795,"EDGE","CNN","8",0.25
1,5.2,"2021-07-21 18:55:41.788246",35.3,20,0,12.5,50,3979698176,3636826112,223178752,8.6,16084992,270082048,104853504,2576384,102277120,97.5,15379681280,13281820672,1421123584,90.3,264289280,30773248,233516032,11.6,125028482560,195363840,0,"EDGE","CNN","8",0.5
2,4,"2021-07-21 18:55:42.298576",10.2,13.7,2,8,50,3979698176,3634405376,223346688,8.7,16084992,272494592,104853504,2617344,102236160,97.5,15379681280,13281820672,1421123584,90.3,264289280,30773248,233516032,11.6,125028511232,195363840,0.00850550333658854,"EDGE","CNN","8",0.5
3,4.3,"2021-07-21 18:55:42.808236",11.8,5.9,13.5,28,0,3979698176,3628314624,228507648,8.8,16642048,274001920,104853504,2625536,102227968,97.5,15379681280,13281820672,1421123584,90.3,264289280,30773248,233516032,11.6,125029613056,195363840,0.0169998327891032,"EDGE","CNN","8",0.5
4,4.4,"2021-07-21 18:55:43.318343",2,3.9,7.8,7.7,100,3979698176,3634688000,229412864,8.7,16642048,268709888,104853504,2625536,102227968,97.5,15379681280,13281820672,1421123584,90.3,264289280,30773248,233516032,11.6,125031742976,195363840,0.0255016167958577,"EDGE","CNN","8",0.5
5,4.5,"2021-07-21 18:55:43.838425",18.5,13.5,17.3,36.5,66.7,3979698176,3630632960,233619456,8.8,16666624,269897728,104853504,2625536,102227968,97.5,15379681280,13281820672,1421123584,90.3,264289280,30773248,233516032,11.6,125032996352,195363840,0.0341696500778198,"EDGE","CNN","8",0.5
6,4.5,"2021-07-21 18:55:44.352249",0,7.7,9.8,23.5,0,3979698176,3629125632,236687360,8.8,16707584,269627392,104853504,2625536,102227968,97.5,15379681280,13281820672,1421123584,90.3,264289280,30773248,233516032,11.6,125034483200,195363840,0.0427333831787109,"EDGE","CNN","8",0.5
7,4.3,"2021-07-21 18:55:44.861638",3.8,5.9,7.8,6.3,0,3979698176,3629789184,238784512,8.8,16846848,268423168,104853504,2625536,102227968,97.5,15379681280,13281820672,1421123584,90.3,264289280,30773248,233516032,11.6,125036047872,195363840,0.0512232025464376,"EDGE","CNN","8",0.5
8,3.6,"2021-07-21 18:55:45.377400",4,4,7.7,30.2,50,3979698176,3627462656,240906240,8.9,17526784,269492224,104853504,2625536,102227968,97.5,15379681280,13281820672,1421123584,90.3,264289280,30773248,233516032,11.6,125037669888,195363840,0.059819233417511,"EDGE","CNN","8",0.5
9,3.6,"2021-07-21 18:55:45.894237",5.9,3.9,8,14,50,3979698176,3626209280,242343936,8.9,17543168,271118336,104853504,2625536,102227968,97.5,15379681280,13281820672,1421123584,90.3,264289280,30773248,233516032,11.6,125039529472,195363840,0.0684331854184469,"EDGE","CNN","8",0.5
10,NA,"2021-07-21 18:55:46.404155",2,5.9,11.8,15.4,33.3,3979698176,3624714240,243789824,8.9,17559552,273027072,104853504,2625536,102227968,97.5,15379681280,13281820672,1421123584,90.3,264289280,30773248,233516032,11.6,125041212928,195363840,0.0769318183263143,"EDGE","CNN","8",0.5
11,NA,"2021-07-21 18:55:46.913647",3.9,2,11.5,8,0,3979698176,3623448576,244924416,9,18264064,273829888,104853504,2625536,102227968,97.5,15379681280,13281820672,1421123584,90.3,264289280,30773248,233516032,11.6,125042769408,195363840,0.0854233503341675,"EDGE","CNN","8",0.5
12,NA,"2021-07-21 18:55:47.424943",0,4,11.8,44,0,3979698176,3616796672,251715584,9.1,18378752,277442560,104853504,2625536,102227968,97.5,15379681280,13281820672,1421123584,90.3,264289280,30773248,233516032,11.6,125046644224,195392512,0.0939449508984884,"EDGE","CNN","8",0.5
13,NA,"2021-07-21 18:55:47.936005",38.5,7.8,40,6,50,3979698176,3609251840,259072000,9.3,18632704,280653824,104853504,2625536,102227968,97.5,15379681280,13281820672,1421123584,90.3,264289280,30773248,233516032,11.6,125050052096,195392512,0.102462653319041,"EDGE","CNN","8",0.5
14,NA,"2021-07-21 18:55:48.448737",63.5,11.5,2,14,0,3979698176,3599892480,268558336,9.5,18948096,285061120,104853504,2625536,102227968,97.5,15379681280,13281820672,1421123584,90.3,264289280,30773248,233516032,11.6,125054778880,195392512,0.111008183161418,"EDGE","CNN","8",0.5
15,NA,"2021-07-21 18:55:48.959500",2,43.1,46.2,6,50,3979698176,3592876032,275079168,9.7,19140608,287879168,104853504,2625536,102227968,97.5,15379681280,13281820672,1421123584,90.3,264289280,30773248,233516032,11.6,125057375744,195392512,0.119520902633667,"EDGE","CNN","8",0.5
16,NA,"2021-07-21 18:55:49.470281",10,9.8,30.6,5.7,33.3,3979698176,3588931584,278986752,9.8,19804160,300871680,104853504,2625536,102227968,97.5,15379681280,13281820672,1421123584,90.3,264289280,30773248,233516032,11.6,125071015424,195392512,0.128033916155497,"EDGE","CNN","8",0.5
17,NA,"2021-07-21 18:55:49.980920",24.5,5.8,3.8,8.2,50,3979698176,3589267456,278659072,9.8,19804160,318763008,104853504,2625536,102227968,97.5,15379681280,13281824768,1421119488,90.3,264289280,30773248,233516032,11.6,125088861696,195392512,0.136544569333394,"EDGE","CNN","8",0.5
18,NA,"2021-07-21 18:55:50.491092",5.9,2,8.2,37.3,0,3979698176,3587928064,280059904,9.8,19804160,333602816,104853504,2625536,102227968,97.5,15379681280,13281824768,1421119488,90.3,264289280,30773248,233516032,11.6,125103648256,195392512,0.145047434171041,"EDGE","CNN","8",0.5
19,NA,"2021-07-21 18:55:51.008219",10,7.8,9.8,5.9,50,3979698176,3582078976,285777920,10,19804160,340529152,104853504,2625536,102227968,97.5,15379681280,13281824768,1421119488,90.3,264289280,30773248,233516032,11.6,125110537728,195392512,0.153666218121847,"EDGE","CNN","8",0.5
20,NA,"2021-07-21 18:55:51.527531",15.1,3.9,12,7.7,50,3979698176,3579604992,288399360,10.1,19804160,342552576,104853504,2625536,102227968,97.5,15379681280,13281816576,1421127680,90.3,264289280,30773248,233516032,11.6,125112450560,195392512,0.162321416536967,"EDGE","CNN","8",0.5
21,NA,"2021-07-21 18:55:52.047231",5.8,9.8,9.6,9.6,33.3,3979698176,3578933248,289525760,10.1,19804160,343764992,104853504,2625536,102227968,97.5,15379681280,13281816576,1421127680,90.3,264289280,30773248,233516032,11.6,125114338816,195392512,0.170983084042867,"EDGE","CNN","8",0.5
22,NA,"2021-07-21 18:55:52.565485",15.7,9.6,19.6,7.7,66.7,3979698176,3577323520,291139584,10.1,20238336,344539136,104853504,2625536,102227968,97.5,15379681280,13281816576,1421127680,90.3,264289280,30773248,233516032,11.6,125115588096,195392512,0.179620651404063,"EDGE","CNN","8",0.5
23,NA,"2021-07-21 18:55:53.076340",7.8,13.7,49,5.9,100,3979698176,3571376128,297078784,10.3,20418560,352096256,104853504,2625536,102227968,97.5,15379681280,13281816576,1421127680,90.3,264289280,30773248,233516032,11.6,125123268096,195417088,0.188134900728861,"EDGE","CNN","8",0.5
24,NA,"2021-07-21 18:55:53.587030",6,7.8,35.3,3.8,66.7,3979698176,3567628288,300646400,10.4,20508672,363921408,104853504,2625536,102227968,97.5,15379681280,13281816576,1421127680,90.3,264289280,30773248,233516032,11.6,125135162880,195417088,0.196646400292714,"EDGE","CNN","8",0.5
25,NA,"2021-07-21 18:55:54.103092",7.8,3.8,13.5,73.1,75,3979698176,3559698432,308748288,10.6,20508672,369221632,104853504,2625536,102227968,97.5,15379681280,13281816576,1421127680,90.3,264289280,30773248,233516032,11.6,125140581888,195417088,0.205247433980306,"EDGE","CNN","8",0.5
26,NA,"2021-07-21 18:55:54.621036",7.8,9.6,3.9,48.1,50,3979698176,3554263040,314208256,10.7,20754432,378499072,104853504,2625536,102227968,97.5,15379681280,13281816576,1421127680,90.3,264289280,30773248,233516032,11.6,125150031360,195417088,0.213879835605621,"EDGE","CNN","8",0.5
27,NA,"2021-07-21 18:55:55.131541",7.8,5.9,7.7,28.8,66.7,3979698176,3551903744,316567552,10.7,20779008,392646656,104853504,2625536,102227968,97.5,15379681280,13281816576,1421127680,90.3,264289280,30773248,233516032,11.6,125164142080,195417088,0.222388251622518,"EDGE","CNN","8",0.5
28,NA,"2021-07-21 18:55:55.642030",6.1,2,5.9,57.7,50,3979698176,3546468352,322007040,10.9,20819968,400310272,104853504,2625536,102227968,97.5,15379681280,13281816576,1421127680,90.3,264289280,30773248,233516032,11.6,125171994112,195417088,0.230896401405334,"EDGE","CNN","8",0.5
29,NA,"2021-07-21 18:55:56.152030",10.2,4,2,56,50,3979698176,3541139456,327364608,11,21135360,406249472,104853504,2625536,102227968,97.5,15379681280,13281816576,1421127680,90.3,264289280,30773248,233516032,11.6,125178076672,195417088,0.239396401246389,"EDGE","CNN","8",0.5
30,NA,"2021-07-21 18:55:56.661959",9.8,6.1,2,58.8,50,3979698176,3533959168,334491648,11.2,21241856,411402240,104853504,2625536,102227968,97.5,15379681280,13281816576,1421127680,90.3,264289280,30773248,233516032,11.6,125183335936,195421184,0.247895216941834,"EDGE","CNN","8",0.5
31,NA,"2021-07-21 18:55:57.172390",13.7,5.8,2,62.5,0,3979698176,3529633792,338857984,11.3,21319680,417538048,104853504,2625536,102227968,97.5,15379681280,13281816576,1421127680,90.3,264289280,30773248,233516032,11.6,125189647872,195421184,0.256402401129405,"EDGE","CNN","8",0.5
32,NA,"2021-07-21 18:55:57.686355",11.8,3.9,72.7,5.9,75,3979698176,3523350528,344457216,11.5,22274048,421564416,104853504,2625536,102227968,97.5,15379681280,13281816576,1421127680,90.3,264289280,30773248,233516032,11.6,125194022400,195421184,0.264968486626943,"EDGE","CNN","8",0.5
33,NA,"2021-07-21 18:55:58.200547",6.1,3.9,71.2,7.7,100,3979698176,3515482112,352468992,11.7,22638592,424542208,104853504,2625536,102227968,97.5,15379681280,13281816576,1421127680,90.3,264289280,30773248,233516032,11.6,125197475328,195421184,0.27353835105896,"EDGE","CNN","8",0.5
34,NA,"2021-07-21 18:55:58.711082",57.7,3.9,8,4,50,3979698176,3508776960,359157760,11.8,22704128,432496640,104853504,2625536,102227968,97.5,15379681280,13281820672,1421123584,90.3,264289280,30773248,233516032,11.6,125205118464,195433472,0.282047267754873,"EDGE","CNN","8",0.5
1,4.6,"2021-07-21 20:02:27.796733",0,0,100,0,0,3979698176,3647856640,222388224,8.3,8785920,222253056,104853504,40960,104812544,100,15379681280,13293330432,1409613824,90.4,264289280,30773248,233516032,11.6,228881952256,220414976,0,"EDGE","CNN","8",0.75
2,4.1,"2021-07-21 20:02:28.307374",54.5,31.3,29.4,31.4,66.7,3979698176,3637403648,230678528,8.6,9359360,228614144,104853504,40960,104812544,100,15379681280,13293330432,1409613824,90.4,264289280,30773248,233516032,11.6,228886154752,220414976,0.00851068496704102,"EDGE","CNN","8",0.75
3,4.2,"2021-07-21 20:02:28.820559",0,24,38,7.7,0,3979698176,3629268992,238796800,8.8,10391552,234688512,104853504,40960,104812544,100,15379681280,13293322240,1409622016,90.4,264289280,30773248,233516032,11.6,228893339136,220414976,0.0170637687047323,"EDGE","CNN","8",0.75
4,4.2,"2021-07-21 20:02:29.335098",7.8,6,9.8,59.6,50,3979698176,3621519360,246566912,9,11206656,240295936,104853504,40960,104812544,100,15379681280,13293322240,1409622016,90.4,264289280,30773248,233516032,11.6,228899769856,220414976,0.0256394187609355,"EDGE","CNN","8",0.75
5,4.1,"2021-07-21 20:02:29.845747",69.2,9.8,7.8,2,50,3979698176,3613184000,254939136,9.2,11583488,243916800,104853504,40960,104812544,100,15379681280,13293322240,1409622016,90.4,264289280,30773248,233516032,11.6,228903955968,220414976,0.034150234858195,"EDGE","CNN","8",0.75
6,4.2,"2021-07-21 20:02:30.356818",56.9,20.4,5.8,4,50,3979698176,3603841024,264232960,9.4,11923456,248750080,104853504,40960,104812544,100,15379681280,13293322240,1409622016,90.4,264289280,30773248,233516032,11.6,228908973568,220414976,0.042668084303538,"EDGE","CNN","8",0.75
7,4.1,"2021-07-21 20:02:30.867551",4.1,73.1,5.9,13.7,33.3,3979698176,3596787712,272560128,9.6,11968512,249667584,104853504,40960,104812544,100,15379681280,13293322240,1409622016,90.4,264289280,30773248,233516032,11.6,228911324672,220414976,0.0511803030967712,"EDGE","CNN","8",0.75
8,3.8,"2021-07-21 20:02:31.383363",7.8,7.8,45.8,3.9,50,3979698176,3591757824,277516288,9.7,13078528,259858432,104853504,40960,104812544,100,15379681280,13293322240,1409622016,90.4,264289280,30773248,233516032,11.6,228922334720,220414976,0.0597771684328715,"EDGE","CNN","8",0.75
9,4,"2021-07-21 20:02:31.893340",18.7,3.9,3.9,8,100,3979698176,3591327744,277917696,9.8,13078528,278052864,104853504,40960,104812544,100,15379681280,13293322240,1409622016,90.4,264289280,30773248,233516032,11.6,228940525056,220414976,0.0682767868041992,"EDGE","CNN","8",0.75
10,4.1,"2021-07-21 20:02:32.403193",5.8,4,7.8,42.6,66.7,3979698176,3590807552,278511616,9.8,13078528,292667392,104853504,40960,104812544,100,15379681280,13293322240,1409622016,90.4,264289280,30773248,233516032,11.6,228955131392,220414976,0.0767743349075317,"EDGE","CNN","8",0.75
11,3.7,"2021-07-21 20:02:32.913240",4,40,8,7.8,50,3979698176,3580665856,288124928,10,13504512,306884608,104853504,40960,104812544,100,15379681280,13293322240,1409622016,90.4,264289280,30773248,233516032,11.6,228969594368,220414976,0.0852751175562541,"EDGE","CNN","8",0.75
12,3.7,"2021-07-21 20:02:33.445907",5.8,7.4,5.9,48,50,3979698176,3573366784,295374848,10.2,13688832,314417152,104853504,40960,104812544,100,15379681280,13293322240,1409622016,90.4,264289280,30773248,233516032,11.6,228976942592,220451840,0.0941529035568237,"EDGE","CNN","8",0.75
13,3.8,"2021-07-21 20:02:33.957423",2.1,23.5,5.9,21.6,0,3979698176,3568713728,299917312,10.3,13758464,326578176,104853504,40960,104812544,100,15379681280,13293318144,1409626112,90.4,264289280,30773248,233516032,11.6,228989292032,220451840,0.102678167819977,"EDGE","CNN","8",0.75
14,NA,"2021-07-21 20:02:34.473803",7.7,14,62.7,5.8,66.7,3979698176,3561029632,307724288,10.5,13783040,332165120,104853504,40960,104812544,100,15379681280,13293318144,1409626112,90.4,264289280,30773248,233516032,11.6,228994776576,220451840,0.11128450234731,"EDGE","CNN","8",0.75
15,NA,"2021-07-21 20:02:34.986362",32,4,28.3,9.6,66.7,3979698176,3555819520,312414208,10.7,14028800,341422080,104853504,40960,104812544,100,15379681280,13293318144,1409626112,90.4,264289280,30773248,233516032,11.6,229003951616,220451840,0.119827151298523,"EDGE","CNN","8",0.75
16,NA,"2021-07-21 20:02:35.496978",13.7,23.5,3.9,9.8,50,3979698176,3552509952,315604992,10.7,14053376,354979840,104853504,40960,104812544,100,15379681280,13293318144,1409626112,90.4,264289280,30773248,233516032,11.6,229017333248,220451840,0.128337419033051,"EDGE","CNN","8",0.75
17,NA,"2021-07-21 20:02:36.007519",6.1,52.1,5.8,4.1,66.7,3979698176,3547897856,320806912,10.9,14077952,363171840,104853504,40960,104812544,100,15379681280,13293322240,1409622016,90.4,264289280,30773248,233516032,11.6,229026086400,220451840,0.136846435070038,"EDGE","CNN","8",0.75
18,NA,"2021-07-21 20:02:36.518273",7.8,28.3,32,9.6,100,3979698176,3541942272,326791168,11,14409728,368984064,104853504,40960,104812544,100,15379681280,13293322240,1409622016,90.4,264289280,30773248,233516032,11.6,229032271360,220451840,0.145359003543854,"EDGE","CNN","8",0.75
19,NA,"2021-07-21 20:02:37.029378",60.4,4,15.7,9.8,50,3979698176,3534532608,334065664,11.2,14516224,373714944,104853504,40960,104812544,100,15379681280,13293322240,1409622016,90.4,264289280,30773248,233516032,11.6,229037084160,220451840,0.153877417246501,"EDGE","CNN","8",0.75
20,NA,"2021-07-21 20:02:37.538748",58,6.1,9.6,4,100,3979698176,3531497472,337235968,11.3,14585856,380297216,104853504,40960,104812544,100,15379681280,13293322240,1409622016,90.4,264289280,30773248,233516032,11.6,229043752448,220451840,0.162366918722788,"EDGE","CNN","8",0.75
21,NA,"2021-07-21 20:02:38.048238",2,26.9,4,5.9,0,3979698176,3530186752,338563072,11.3,14913536,381480960,104853504,40960,104812544,100,15379681280,13293322240,1409622016,90.4,264289280,30773248,233516032,11.6,229045001728,220451840,0.170858418941498,"EDGE","CNN","8",0.75
22,NA,"2021-07-21 20:02:38.558434",4,28.3,2,3.9,0,3979698176,3528933376,339787776,11.3,14921728,383086592,104853504,40960,104812544,100,15379681280,13293322240,1409622016,90.4,264289280,30773248,233516032,11.6,229046783488,220480512,0.179361685117086,"EDGE","CNN","8",0.75
23,NA,"2021-07-21 20:02:39.067887",7.8,6.2,5.8,26.9,0,3979698176,3525984256,342740992,11.4,15257600,383942656,104853504,40960,104812544,100,15379681280,13293322240,1409622016,90.4,264289280,30773248,233516032,11.6,229047901696,220480512,0.187852569421132,"EDGE","CNN","8",0.75
24,NA,"2021-07-21 20:02:39.579976",5.9,7.5,0,28,0,3979698176,3523629056,345075712,11.5,15577088,384626688,104853504,40960,104812544,100,15379681280,13293322240,1409622016,90.4,264289280,30773248,233516032,11.6,229049015808,220480512,0.196387386322021,"EDGE","CNN","8",0.75
25,NA,"2021-07-21 20:02:40.089426",7.7,2,6,26.5,0,3979698176,3520708608,347983872,11.5,15609856,385798144,104853504,40960,104812544,100,15379681280,13293322240,1409622016,90.4,264289280,30773248,233516032,11.6,229050109440,220480512,0.204878218968709,"EDGE","CNN","8",0.75
26,NA,"2021-07-21 20:02:40.599580",8.2,3.9,5.8,33.3,50,3979698176,3516977152,351715328,11.6,15941632,392073216,104853504,40960,104812544,100,15379681280,13293322240,1409622016,90.4,264289280,30773248,233516032,11.6,229056736768,220480512,0.213380785783132,"EDGE","CNN","8",0.75
27,NA,"2021-07-21 20:02:41.111740",11.5,19.2,4,47.1,50,3979698176,3510034432,358588416,11.8,15990784,399343616,104853504,40960,104812544,100,15379681280,13293322240,1409622016,90.4,264289280,30773248,233516032,11.6,229064019456,220480512,0.221916786829631,"EDGE","CNN","8",0.75
28,NA,"2021-07-21 20:02:41.622000",4,9.8,7.8,68,0,3979698176,3505295360,362725376,11.9,16064512,404938752,104853504,40960,104812544,100,15379681280,13293322240,1409622016,90.4,264289280,30773248,233516032,11.6,229069221376,220480512,0.230421117941538,"EDGE","CNN","8",0.75
29,NA,"2021-07-21 20:02:42.132002",21.2,10,6,20,50,3979698176,3503267840,364732416,12,16637952,413212672,104853504,40960,104812544,100,15379681280,13293322240,1409622016,90.4,264289280,30773248,233516032,11.6,229078187520,220480512,0.23892115354538,"EDGE","CNN","8",0.75
30,NA,"2021-07-21 20:02:42.642045",19.1,23.1,17.6,5.9,33.3,3979698176,3499323392,368717824,12.1,17547264,414494720,104853504,40960,104812544,100,15379681280,13293322240,1409622016,90.4,264289280,30773248,233516032,11.6,229080292864,220480512,0.247421868642171,"EDGE","CNN","8",0.75
31,NA,"2021-07-21 20:02:43.152393",49.1,58,60,58,66.7,3979698176,3496574976,371499008,12.1,18284544,418557952,104853504,40960,104812544,100,15379681280,13293322240,1409622016,90.4,264289280,30773248,233516032,11.6,229084941824,220480512,0.255927670001984,"EDGE","CNN","8",0.75
32,NA,"2021-07-21 20:02:43.662743",3.9,40.4,30,9.4,50,3979698176,3491983360,375787520,12.3,18993152,420085760,104853504,40960,104812544,100,15379681280,13293322240,1409622016,90.4,264289280,30773248,233516032,11.6,229086518784,220480512,0.26443350315094,"EDGE","CNN","8",0.75
33,NA,"2021-07-21 20:02:44.172655",20,3.9,4.2,25,50,3979698176,3490242560,377794560,12.3,19808256,420626432,104853504,40960,104812544,100,15379681280,13293322240,1409622016,90.4,264289280,30773248,233516032,11.6,229087964672,220517376,0.272932036717733,"EDGE","CNN","8",0.75
34,NA,"2021-07-21 20:02:44.684408",34.6,22,5.9,11.8,66.7,3979698176,3485806592,381804544,12.4,20746240,423686144,104853504,40960,104812544,100,15379681280,13293322240,1409622016,90.4,264289280,30773248,233516032,11.6,229091315200,220517376,0.281461250782013,"EDGE","CNN","8",0.75
1,4.1,"2021-07-21 17:10:10.945374",100,33.3,0,100,75,3979698176,3547090944,319279104,10.9,24973312,365051904,104853504,33648640,71204864,67.9,15379681280,13272182784,1430761472,90.3,264289280,30773248,233516032,11.6,77402747904,145871872,0,"EDGE","CNN","8",1
2,4.1,"2021-07-21 17:10:11.457480",2,10,17.3,69.2,0,3979698176,3533537280,329695232,11.2,24997888,374480896,104853504,33648640,71204864,67.9,15379681280,13272182784,1430761472,90.3,264289280,30773248,233516032,11.6,77409104896,145871872,0.00853509902954102,"EDGE","CNN","8",1
3,4.4,"2021-07-21 17:10:11.967779",6.1,3.9,4,15.7,0,3979698176,3530444800,332771328,11.3,25022464,377573376,104853504,33648640,71204864,67.9,15379681280,13272182784,1430761472,90.3,264289280,30773248,233516032,11.6,77411963904,145871872,0.0170400818188985,"EDGE","CNN","8",1
4,4.3,"2021-07-21 17:10:12.478208",5.9,5.8,5.8,7.7,0,3979698176,3529875456,333340672,11.3,25022464,379326464,104853504,33648640,71204864,67.9,15379681280,13272182784,1430761472,90.3,264289280,30773248,233516032,11.6,77414056960,145871872,0.0255472342173258,"EDGE","CNN","8",1
5,4.3,"2021-07-21 17:10:12.987776",7.7,2,2,31.4,50,3979698176,3525955584,337260544,11.4,25022464,381083648,104853504,33648640,71204864,67.9,15379681280,13272182784,1430761472,90.3,264289280,30773248,233516032,11.6,77415310336,145871872,0.0340400338172913,"EDGE","CNN","8",1
6,4.4,"2021-07-21 17:10:13.564794",8.6,10.3,41.1,8.6,50,3979698176,3522682880,340516864,11.5,25063424,381915136,104853504,33648640,71204864,67.9,15379681280,13272182784,1430761472,90.3,264289280,30773248,233516032,11.6,77416522752,145904640,0.0436570008595785,"EDGE","CNN","8",1
7,4.2,"2021-07-21 17:10:14.074195",2,5.9,9.8,7.7,50,3979698176,3522998272,342040576,11.5,25063424,381939712,104853504,33648640,71204864,67.9,15379681280,13272182784,1430761472,90.3,264289280,30773248,233516032,11.6,77418320896,145904640,0.0521470149358114,"EDGE","CNN","8",1
8,4.3,"2021-07-21 17:10:14.584381",6,2,4.1,2,0,3979698176,3522469888,341889024,11.5,25206784,384270336,104853504,33648640,71204864,67.9,15379681280,13272182784,1430761472,90.3,264289280,30773248,233516032,11.6,77420422144,145904640,0.0606501181920369,"EDGE","CNN","8",1
9,4.3,"2021-07-21 17:10:15.094014",5.9,5.8,7.7,0,33.3,3979698176,3522527232,341983232,11.5,25206784,386088960,104853504,33648640,71204864,67.9,15379681280,13272182784,1430761472,90.3,264289280,30773248,233516032,11.6,77422195712,145904640,0.0691439986228943,"EDGE","CNN","8",1
10,4.3,"2021-07-21 17:10:15.603824",5.9,4,2.1,2,0,3979698176,3522588672,341946368,11.5,25210880,388079616,104853504,33648640,71204864,67.9,15379681280,13272182784,1430761472,90.3,264289280,30773248,233516032,11.6,77424202752,145904640,0.0776408314704895,"EDGE","CNN","8",1
11,4.3,"2021-07-21 17:10:16.113928",6,5.9,17.6,0,50,3979698176,3520131072,344416256,11.5,25276416,389414912,104853504,33648640,71204864,67.9,15379681280,13272182784,1430761472,90.3,264289280,30773248,233516032,11.6,77425460224,145904640,0.0861425677935282,"EDGE","CNN","8",1
12,NA,"2021-07-21 17:10:16.623697",6,6,2,2,33.3,3979698176,3519897600,344645632,11.6,25276416,391249920,104853504,33648640,71204864,67.9,15379681280,13272182784,1430761472,90.3,264289280,30773248,233516032,11.6,77427430400,145904640,0.09463871717453,"EDGE","CNN","8",1
13,NA,"2021-07-21 17:10:17.135377",5.8,3.9,7.8,1.9,0,3979698176,3519959040,345116672,11.6,25292800,392568832,104853504,33648640,71204864,67.9,15379681280,13272182784,1430761472,90.3,264289280,30773248,233516032,11.6,77429171200,145904640,0.103166715304057,"EDGE","CNN","8",1
14,NA,"2021-07-21 17:10:17.645540",0,9.8,29.8,2,0,3979698176,3516608512,348426240,11.6,25300992,403959808,104853504,33648640,71204864,67.9,15379681280,13272182784,1430761472,90.3,264289280,30773248,233516032,11.6,77440713728,145904640,0.111669433116913,"EDGE","CNN","8",1
15,NA,"2021-07-21 17:10:18.156036",2,8,42.9,19.6,50,3979698176,3511623680,353415168,11.8,25505792,410636288,104853504,33648640,71204864,67.9,15379681280,13272182784,1430761472,90.3,264289280,30773248,233516032,11.6,77447623680,145904640,0.120177698135376,"EDGE","CNN","8",1
16,NA,"2021-07-21 17:10:18.717683",12.7,8.9,20,37.5,50,3979698176,3506536448,358526976,11.9,25673728,416194560,104853504,33648640,71204864,67.9,15379681280,13272182784,1430761472,90.3,264289280,30773248,233516032,11.6,77453427712,145916928,0.129538484414419,"EDGE","CNN","8",1
17,NA,"2021-07-21 17:10:19.235321",11.5,4,7.8,59.6,50,3979698176,3500449792,364634112,12,25784320,421847040,104853504,33648640,71204864,67.9,15379681280,13272186880,1430757376,90.3,264289280,30773248,233516032,11.6,77459121152,145916928,0.138165783882141,"EDGE","CNN","8",1
18,NA,"2021-07-21 17:10:19.746568",18.9,5.8,7.8,62.7,33.3,3979698176,3495587840,369471488,12.2,26013696,428134400,104853504,33648640,71204864,67.9,15379681280,13272186880,1430757376,90.3,264289280,30773248,233516032,11.6,77465646080,145916928,0.146686565876007,"EDGE","CNN","8",1
19,NA,"2021-07-21 17:10:20.256864",6,11.5,2,77.4,50,3979698176,3487891456,377147392,12.4,26521600,431046656,104853504,33648640,71204864,67.9,15379681280,13272186880,1430757376,90.3,264289280,30773248,233516032,11.6,77469041664,145916928,0.155191500981649,"EDGE","CNN","8",1
20,NA,"2021-07-21 17:10:20.766616",6,9.8,5.8,59.6,33.3,3979698176,3481387008,383479808,12.5,26877952,437776384,104853504,33648640,71204864,67.9,15379681280,13272186880,1430757376,90.3,264289280,30773248,233516032,11.6,77476021248,145916928,0.163687368233999,"EDGE","CNN","8",1
21,NA,"2021-07-21 17:10:21.276908",60.8,7.8,4,0,50,3979698176,3475279872,389754880,12.7,26927104,445644800,104853504,33648640,71204864,67.9,15379681280,13272186880,1430757376,90.3,264289280,30773248,233516032,11.6,77483922432,145916928,0.172192231814067,"EDGE","CNN","8",1
22,NA,"2021-07-21 17:10:21.787186",66.7,5.8,3.9,15.4,50,3979698176,3470868480,394113024,12.8,26984448,450650112,104853504,33648640,71204864,67.9,15379681280,13272186880,1430757376,90.3,264289280,30773248,233516032,11.6,77488993280,145916928,0.180696864922841,"EDGE","CNN","8",1
23,NA,"2021-07-21 17:10:22.297070",8,34.7,3.9,4,50,3979698176,3468378112,396419072,12.8,27557888,459419648,104853504,33648640,71204864,67.9,15379681280,13272186880,1430757376,90.3,264289280,30773248,233516032,11.6,77498053632,145916928,0.189194933573405,"EDGE","CNN","8",1
24,NA,"2021-07-21 17:10:22.807215",6.1,6.4,45.1,5.9,0,3979698176,3463172096,400617472,13,28467200,461611008,104853504,33648640,71204864,67.9,15379681280,13272186880,1430757376,90.3,264289280,30773248,233516032,11.6,77500228608,145916928,0.197697349389394,"EDGE","CNN","8",1
25,NA,"2021-07-21 17:10:23.318234",36.5,56.9,67.3,58,50,3979698176,3460423680,403202048,13,29224960,466276352,104853504,33648640,71204864,67.9,15379681280,13272186880,1430757376,90.3,264289280,30773248,233516032,11.6,77504951296,145953792,0.206214332580566,"EDGE","CNN","8",1
26,NA,"2021-07-21 17:10:23.829199",2,54.2,8,9.8,0,3979698176,3456786432,406614016,13.1,29929472,467845120,104853504,33648640,71204864,67.9,15379681280,13272186880,1430757376,90.3,264289280,30773248,233516032,11.6,77506515968,145953792,0.214730417728424,"EDGE","CNN","8",1
27,NA,"2021-07-21 17:10:24.339240",6,22,15.7,23.1,50,3979698176,3454607360,408563712,13.2,30908416,469118976,104853504,33648640,71204864,67.9,15379681280,13272186880,1430757376,90.3,264289280,30773248,233516032,11.6,77508293632,145953792,0.223231101036072,"EDGE","CNN","8",1
28,NA,"2021-07-21 17:10:24.852569",25,26,44.2,8,50,3979698176,3445362688,417226752,13.4,31694848,471805952,104853504,33648640,71204864,67.9,15379681280,13272186880,1430757376,90.3,264289280,30773248,233516032,11.6,77511410688,145953792,0.231786584854126,"EDGE","CNN","8",1
29,NA,"2021-07-21 17:10:25.376813",7.7,69.4,11.5,9.8,57.1,3979698176,3435270144,427388928,13.7,31817728,476782592,104853504,33648640,71204864,67.9,15379681280,13272195072,1430749184,90.3,264289280,30773248,233516032,11.6,77516604416,145953792,0.240523982048035,"EDGE","CNN","8",1
30,NA,"2021-07-21 17:10:25.890044",5.8,90.2,11.3,9.6,33.3,3979698176,3430821888,432295936,13.8,31850496,478908416,104853504,33648640,71204864,67.9,15379681280,13272195072,1430749184,90.3,264289280,30773248,233516032,11.6,77518377984,145953792,0.249077832698822,"EDGE","CNN","8",1
31,NA,"2021-07-21 17:10:26.400648",16.3,72.5,9.8,9.8,33.3,3979698176,3417952256,443809792,14.1,32079872,485715968,104853504,33648640,71204864,67.9,15379681280,13272195072,1430749184,90.3,264289280,30773248,233516032,11.6,77523854336,145953792,0.2575879017512,"EDGE","CNN","8",1
32,NA,"2021-07-21 17:10:26.911192",7.8,92.2,5.9,3.9,50,3979698176,3417210880,444641280,14.1,32079872,487723008,104853504,33648640,71204864,67.9,15379681280,13272195072,1430749184,90.3,264289280,30773248,233516032,11.6,77525726208,145953792,0.266096965471903,"EDGE","CNN","8",1
33,NA,"2021-07-21 17:10:27.420823",26,71.7,4,5.9,33.3,3979698176,3414519808,447393792,14.2,32079872,487809024,104853504,33648640,71204864,67.9,15379681280,13272195072,1430749184,90.3,264289280,30773248,233516032,11.6,77525947392,145953792,0.27459081808726,"EDGE","CNN","8",1
34,NA,"2021-07-21 17:10:27.930839",100,2,7.7,5.9,100,3979698176,3411165184,450744320,14.3,32079872,487813120,104853504,33648640,71204864,67.9,15379681280,13272195072,1430749184,90.3,264289280,30773248,233516032,11.6,77525947392,145953792,0.283091084162394,"EDGE","CNN","8",1
